-- MySQL dump 10.13  Distrib 8.0.29, for Win64 (x86_64)
--
-- Host: localhost    Database: school_library
-- ------------------------------------------------------
-- Server version	8.0.29

/*!40101 SET @OLD_CHARACTER_SET_CLIENT=@@CHARACTER_SET_CLIENT */;
/*!40101 SET @OLD_CHARACTER_SET_RESULTS=@@CHARACTER_SET_RESULTS */;
/*!40101 SET @OLD_COLLATION_CONNECTION=@@COLLATION_CONNECTION */;
/*!50503 SET NAMES utf8mb4 */;
/*!40103 SET @OLD_TIME_ZONE=@@TIME_ZONE */;
/*!40103 SET TIME_ZONE='+00:00' */;
/*!40014 SET @OLD_UNIQUE_CHECKS=@@UNIQUE_CHECKS, UNIQUE_CHECKS=0 */;
/*!40014 SET @OLD_FOREIGN_KEY_CHECKS=@@FOREIGN_KEY_CHECKS, FOREIGN_KEY_CHECKS=0 */;
/*!40101 SET @OLD_SQL_MODE=@@SQL_MODE, SQL_MODE='NO_AUTO_VALUE_ON_ZERO' */;
/*!40111 SET @OLD_SQL_NOTES=@@SQL_NOTES, SQL_NOTES=0 */;

--
-- Table structure for table `accounts`
--

DROP TABLE IF EXISTS `accounts`;
/*!40101 SET @saved_cs_client     = @@character_set_client */;
/*!50503 SET character_set_client = utf8mb4 */;
CREATE TABLE `accounts` (
  `accountID` int NOT NULL AUTO_INCREMENT,
  `email` varchar(100) NOT NULL,
  `password` varchar(100) NOT NULL,
  `userID` int NOT NULL,
  `no_borrowed_books` int DEFAULT '0',
  `no_returned_books` int DEFAULT '0',
  PRIMARY KEY (`accountID`),
  KEY `userID` (`userID`),
  CONSTRAINT `accounts_ibfk_1` FOREIGN KEY (`userID`) REFERENCES `users` (`userID`)
) ENGINE=InnoDB AUTO_INCREMENT=273 DEFAULT CHARSET=utf8mb4 COLLATE=utf8mb4_0900_ai_ci;
/*!40101 SET character_set_client = @saved_cs_client */;

--
-- Dumping data for table `accounts`
--

LOCK TABLES `accounts` WRITE;
/*!40000 ALTER TABLE `accounts` DISABLE KEYS */;
INSERT INTO `accounts` VALUES (1,'mati_matczak@gmail.com','iglo305',4,5,4),(2,'oski_kowal@gmail.com','makaron909',2,2,1),(3,'martyna_sobczak@gmail.com','stokrotka20405#',1,1,0),(4,'ola_olejnik@gmail.com','swift#606#',3,2,1),(5,'cezary-lis@gmail.com','.cS93ZV\'GJz`',5,3,1),(6,'filip-wasilewski@gmail.com','A<bU?/7MzH?&',6,2,2),(7,'alan-tomaszewski@gmail.com','236]f;~Pef%',7,0,0),(8,'lucyna-kalinowska@gmail.com','42DXrf-7.EB:',8,1,1),(9,'kinga-szymańska@gmail.com','C22LKTa<gd&',9,0,0),(10,'lara-wiśniewska@gmail.com','kS-RkUSzY5D3',10,1,1),(11,'konrad-sikorska@gmail.com','JMz5njf%97XZ',11,1,1),(12,'borys-kowalczyk@gmail.com','p$A7d62HC7RR',12,6,3),(13,'honorata-kwiatkowska@gmail.com','g4PQ#%jG?#Zg',13,1,1),(14,'karolina-nowak@gmail.com','*aR22ce+zCY*',14,0,0),(15,'amadeusz-górecki@gmail.com','G4pFsBq4Lh?h',15,3,2),(16,'olaf-kozłowski@gmail.com','?mBs7CG?^u7X',16,7,5),(17,'kordian-marciniak@gmail.com','FB5Nr8wZwz$r',17,1,0),(18,'norbert-chmielweski@gmail.com','TC*%Ca5Saxee',18,0,0),(19,'kamil-chmielewski@gmail.com','g4pmcUfB5=tN',19,3,2),(20,'hubert-krupiński@gmail.com','2mps_62JmpE?',20,1,0),(21,'agata-ziółko@gmail.com','3%fCj%DU=#9L',21,0,0),(22,'paulina-głowacka@gmail.com','Fv#^QSscn^9v',22,1,1),(23,'sylwia-michalak@gmail.com','C$a3NqtR22D8',23,1,1),(24,'bruno-ostrowski@gmail.com','n-!X!t82B476',24,1,1),(25,'jan-jankowski@gmail.com','4wCNc-@^__K_',25,4,2),(26,'filip-kaczmarczyk@gmail.com','eHW7m52TSB$C',26,2,0),(27,'roman-górski@gmail.com','8Fj6J3*mD_C!',27,1,1),(28,'albert-ostrowski@gmail.com','NR7M#fpvJRv&',28,0,0),(29,'agnieszka-szewczyk@gmail.com','F4&&7A&*NDwz',29,2,2),(30,'anita-walczak@gmail.com','^pr@JC!6*u$N',30,1,0),(31,'justyna-lewandowska@gmail.com','+J#JYYuZ_Z8b',31,0,0),(32,'bartosz-szulc@gmail.com','PAt?Pq9MjjTZ',32,4,2),(33,'artur-baran@gmail.com','%jVs9H?kYxKv',33,0,0),(34,'borys-stępień@gmail.com','tEx=3J9G!C8=',34,4,3),(35,'mikołaj-kowalczyk@gmail.com','Sd@6GwN$Ak+=',35,1,1),(36,'weronika-kucharska@gmail.com','qt6+GFLG?ErB',36,0,0),(37,'patrycja-piotrowska@gmail.com','?wmdJWNS54!&',37,0,0),(38,'marcelina-zalewska@gmail.com','6^gV!wLSdpRK',38,2,2),(39,'alicja-malinowska@gmail.com','HU&Eeuy7^qms',39,4,2),(40,'krzysztof-krajewski@gmail.com','!vQX#7Ab!G&2',40,0,0),(41,'olaf-cieślak@gmail.com','J8xNCY%G%5%5',41,3,0),(42,'bartosz-błaszczak@gmail.com','LGDxqZe4D6_f',42,0,0),(43,'andrzej-makowski@gmail.com','=w!tB7d?DA4Q',43,2,1),(44,'karolina-szulc@gmail.com','hhy*jR7b266P',44,1,0),(45,'karolina-krawczyk@gmail.com','kHWTK2TMxy_h',45,1,1),(46,'klaudia-kozłowska@gmail.com','s$_xN5zv3Y=9',46,3,3),(47,'krystyna-jaworska@gmail.com','sfg+%^C8U+2L',47,0,0),(48,'marcin-jakubowski@gmail.com','e?vQ$L6jZ+*D',48,3,1),(49,'alan-andrzejewski@gmail.com','cCeJG4*H3vsL',49,1,1),(50,'zuzanna-zielińska@gmail.com','KFjH2p=M4m=w',50,4,2),(51,'paulina-czarnecka@gmail.com','Q5UseTE&8^9v',51,1,1),(52,'barbara-kwiatkowska@gmail.com','jSWeJMc7&YE9',52,3,2),(53,'oliwia-baran@gmail.com','7#pQaEkmMhz#',53,7,7),(54,'diana-sikora@gmail.com','x%BG8qD-xQNt',54,1,1),(55,'kamil-kowalski@gmail.com','3=6Z*d*X_dAn',55,2,2),(56,'adam-kalinowski@gmail.com','K!KA*u6^k-7#',56,2,1),(57,'artur-sadowski@gmail.com','eLPn9#frX*dP',57,6,3),(58,'konrad-krawczyk@gmail.com','+a=j4-7wT*52',58,1,1),(59,'edyta-wiśniewska@gmail.com','gNe4MQN-q7eR',59,1,0),(60,'aleksandra-wróbel@gmail.com','w&ejs%TZ2?FF',60,12,10),(61,'agnieszka-kołodziej@gmail.com','b6b$DsNW2nZ!',61,1,1),(62,'olga-pawlak@gmail.com','mJ$TUSt-8S5&',62,1,1),(63,'magdalena-gajewska@gmail.com','4=GdJM9tbwGB',63,1,1),(64,'paweł-kowalski@gmail.com','%9V42q?uS^at',64,1,1),(65,'bartosz-wasilewski@gmail.com','ApX$UB_au7QB',65,1,0),(66,'pamela-ostrowska@gmail.com','+Sdwza8^Z34D',66,2,2),(67,'franciszek-malinowski@gmail.com','NbKqKxjg8--@',67,4,2),(68,'borys-krawczyk@gmail.com','?ZCM9^n6!xCP',68,0,0),(69,'michał-kubacki@gmail.com','TJW?*6vcfrq^',69,2,1),(70,'dawid-kubiak@gmail.com','#2^2W?MyK_At',70,4,2),(71,'kinga-bielska@gmail.com','t9Cz46t%jYnT',71,0,0),(72,'marta-jakubowska@gmail.com','8-M_B_!&rLmM',72,2,2),(73,'monika-nowak@gmail.com','Pf!U!ZJY5+f_',73,1,1),(74,'izabela-sadowska@gmail.com','LDFuv!UU8pY-',74,2,5),(75,'karol-mazur@gmail.com','c&Dq8Atv8y&-',75,5,4),(76,'dawid-szymański@gmail.com','t?tbTxX84&R9',76,2,1),(77,'bartłomiej-jankowski@gmail.com','rg8R%G6B5anJ',77,2,0),(78,'jakub-oliwski@gmail.com','DxG^jW!S-9ct',78,0,0),(79,'anna-mróz@gmail.com','xUT&z^X*5v7T',79,0,0),(80,'zofia-wojciechowska@gmail.com','T4SeK%%g5yBU',79,1,1),(81,'dagmara-krupa@gmail.com','fhGN57Ztyv%*',81,2,2),(82,'dorota-sobczak@gmail.com','3UZQ?Qcpgt*s',82,2,2),(83,'oksana-wasiluk@gmail.com','wMQZ28G4tb$T',83,1,1),(84,'patrycja-kowal@gmail.com','CzfXP-L5k+e+',84,5,3),(85,'izabela-demska@gmail.com','5vkNe9!ZJSCe',85,2,2),(86,'marcel-marciniak@gmail.com','GHm8&TjX+st#',86,2,1),(87,'oskar-rojski@gmail.com','LT5Fhj#@bq^E',87,0,0),(88,'cezary-piotrowski@gmail.com','3CpJNkCcbj!M',88,1,1),(89,'natalia-jaworska@gmail.com','B-SGd*D7w28n',89,2,2),(90,'oliwia-iwańczuk@gmail.com','%3h_YNx7=7E?',90,3,2),(91,'marta-kowalska@gmail.com','HY-uE%sjgy6_',91,0,0),(92,'aleksandra-wysocka@gmail.com','52_UkmaG*BZV',92,2,1),(93,'igor-szczepan@gmail.com','gPv2=@h5p8vJ',93,0,0),(94,'robert-urbański@gmail.com','CD3khM%F=&C_',94,1,0),(95,'ignacy-tomaszewski@gmail.com','bndPr=Ma6wtH',95,1,1),(96,'gniewomir-woźny@gmail.com','WJ#q9%7anwpa',96,1,1),(97,'dominika-witkowska@gmail.com','6LT%Rak7txy-',97,2,2),(98,'aneta-morska@gmail.com','Tyhb7Wr!Z8=#',98,4,2),(99,'martyna-lis@gmail.com','q7sH4A3J%y-r',99,1,0),(100,'angelika-makowska@gmail.com','?tzR8_@2hRJc',100,2,1),(101,'leonardo-zalewski@gmail.com','eVU#-?6!&H9P',101,0,0),(102,'joachim-wójcik@gmail.com','V8q&aVb!dpDR',102,2,2),(103,'maciej-zakrzewski@gmail.com','-y#BF4T_3pNM',103,1,1),(104,'oliwier-janowski@gmail.com','_aJtRQ5#U_rX',104,0,0),(105,'joanna-laskowska@gmail.com','NZ@8LdvPTeM#',105,2,2),(106,'oktawia-szymczak@gmail.com','d4eK&9u-ucDu',106,1,1),(107,'denis-szewczyk@gmail.com','NvmkBVlb4Ph8',107,0,0),(108,'jakub-zalewski@gmail.com','Qp7F8JPf*ikY',108,1,0),(109,'jowita-malinowska@gmail.com','@xESbOI*u7PX',109,1,1),(110,'felicja-piotrowska@gmail.com','E3U0BrBLNTqT',110,2,1),(111,'eliwra-pawlak@gmail.com','(yJT8Zt0dp9l',111,2,2),(112,'gabriel-urban@gmail.com','PWij(r4zPgTb',112,1,1),(113,'alex-kowalewski@gmail.com','HvVw2loA23e5',113,1,0),(114,'cezary-pietrzak@gmail.com','8(MplJFtv5ef',114,0,0),(115,'krystyna-kucharska@gmail.com','uE3sJn)1Scre',115,2,2),(116,'amelia-zawadzka@gmail.com','CjMkzikUYFA!',116,1,1),(117,'kaja-duda@gmail.com','II!ZlwcKHDlj',117,1,1),(118,'oliwia-zakrzewska@gmail.com','RQ$CoBbXGRlw',118,3,2),(119,'ernest-lis@gmail.com','N!edVTeQqt6U',119,1,0),(120,'ksawery-makowski@gmail.com','n&dqMH3IVz&b',120,5,1),(121,'hubert-lisewski@gmail.com','8hcS6inLTXW9',121,2,1),(122,'jan-rutkowski@gmail.com','rBb8Flinz*vp',122,1,1),(123,'florian-pietrzak@gmail.com','6jQ7ZUZuX4Qt',123,2,1),(124,'agata-laskowska@gmail.com','hD0@DpDh9rCE',124,0,0),(125,'agnieszka-borowska@gmail.com','WXbUR)Jz8!jr',125,2,1),(126,'kamila-andrzejewska@gmail.com','TA#v83GpB70#',126,0,0),(127,'robert-adamski@gmail.com','21ICMssVGtx7',127,2,1),(128,'damian-gajewski@gmail.com','smXarnjW@ne8',128,1,0),(129,'kazimierz-walski@gmail.com','2Cnd0fwG$tb(',129,3,0),(130,'ewa-przybylska@gmail.com','oLXc*Q09IHjT',130,1,1),(131,'maja-majewska@gmail.com','w!2VVaQ0oLP2',131,0,0),(132,'izabela-solska@gmail.com','OqRoni#tU#L9',132,0,0),(133,'marcelina-ostrowska@gmail.com','4750y)rDI6EQ',133,3,2),(134,'norbert-nowak@gmail.com','b@i*2eJ**@ej',134,1,0),(135,'oskar-kowalski@gmail.com','1(qm94aEMoV#',135,3,1),(136,'marcin-podolski@gmail.com','#X)mcoQ&JZE@',136,0,0),(137,'zofia-wasilewska@gmail.com','*pfl#7$Z6Se6',137,3,1),(138,'maliwina-szulc@gmail.com','rgCAkpuITO4r',138,2,1),(139,'bruno-wysocki@gmail.com','b5OTe3UuKDK$',139,1,1),(140,'natan-michalak@gmail.com','Gp98l0!P@qTK',140,1,0),(141,'fryderyk-bielski@gmail.com','1aCZF1NKixkI',141,1,1),(142,'karol-sadowski@gmail.com','VaOZjhy$ZzVE',142,4,2),(143,'barbara-jasna@gmail.com','Xy(eB1R62q6T',143,0,0),(144,'joanna-lipska@gmail.com','kcJgqzJIS6Pn',144,1,1),(145,'julianna-szewczyk@gmail.com','yV728IC9qCBs',145,1,1),(146,'joanna-sierp@gmail.com','xsc&SVBKEI(N',146,0,0),(147,'edyta-szymczak@gmail.com','S8zhj@wDWtfR',147,1,1),(148,'edward-krawczyk@gmail.com','pYvxhHwH&fzF',148,4,2),(149,'aleksander-miron@gmail.com','raFuJQweCCXD',149,0,0),(150,'adrian-sikorski@gmail.com','vE)pJYQ6r8k*',150,1,1),(151,'remigiusz-rutkowski@gmail.com','3TSM8Y0@lU#!',151,2,0),(152,'maciej-chmielewski@gmail.com','y9ar&SHl!dBb',152,1,0),(153,'nikola-witkowska@gmail.com','dWw4Bc*dGcTO',153,3,1),(154,'magdalena-malska@gmail.com','4aIFG!1c3o$h',154,2,0),(155,'maria-ziobro@gmail.com','si5S4nh9fo8n',155,1,1),(156,'dagmara-jaworska@gmail.com','5oO0qgplSkjo',156,3,2),(157,'jakub-kubiak@gmail.com','QTBp)vo&7LRx',157,0,0),(158,'kacper-tomczyk@gmail.com',')rChUOj**v#P',158,0,0),(159,'ignacy-prosty@gmail.com','184NOq(*!q)7',159,4,4),(160,'klaudiusz-jankowski@gmail.com','KO)UgJK7EKU3',160,0,0),(161,'lucjan-mazurek@gmail.com','VkkPWamMJ8Q!',161,1,0),(162,'irena-kowalska@gmail.com','y4EDMePsv0$4',162,3,1),(163,'zuzanna-marska@gmail.com','H6t!QWe*MLH)',163,1,1),(164,'arleta-duda@gmail.com','n)GZH0JCYZEF',164,0,0),(165,'alicja-sikorska@gmail.com','7IrweO2Ai3sv',165,1,1),(166,'weronika-kowal@gmail.com','w4W9FUST8Pjr',166,2,0),(167,'piotr-lisowski@gmail.com','G!xrNKJm77bT',167,1,1),(168,'marek-szymczak@gmail.com','qL9qvQmxRLLm',168,1,0),(169,'anotni-maciejewski@gmail.com','Xfwq8#jTJ8*Z',169,0,0),(170,'aleksy-wasilewski@gmail.com','Uhcm33mAUaZV',170,1,1),(171,'dominika-gajewska@gmail.com','HjeUzw7PIz)I',171,0,0),(172,'jowita-wysoka@gmail.com','kbJi12TJeTgd',172,3,1),(173,'alina-ostrowska@gmail.com','E5Nyl#&eAC1i',173,1,0),(174,'olimpia-sikorska@gmail.com','hR4nqM^&lpTU',174,0,0),(175,'angelika-bąk@gmail.com','YMC4oGeFaCtf',175,1,1),(176,'klementyna-adamska@gmail.com','aqVE)NbzRcBI',176,1,0),(177,'izabela-pietrzak@gmail.com','RA@FR!dV(##m',177,1,0),(178,'amalia-lewandowska@gmail.com','5AkBT^b$kEiG',178,0,0),(179,'magda-stępień@gmail.com','LoagXgx&jbaE',179,1,0),(180,'olimpia-mazur@gmail.com','Jvd6Y%7GWPJv',180,1,1),(181,'emilia-krupa@gmail.com','MTvPB)L#uZQf',181,1,1),(182,'roksana-kwiatkowska@gmail.com','ltsPG(%&hQUJ',182,0,0),(183,'katarzyna-duda@gmail.com','b!mns&gIlDTi',183,1,1),(184,'andrea-pietrzak@gmail.com','5ckJRpIZqiYD',184,3,2),(185,'aneta-kaźmierczak@gmail.com','$y^!uQgUejCg',185,0,0),(186,'arleta-ziółkowska@gmail.com','cTAmFVFxVkIz',186,1,0),(187,'edyta-krajewska@gmail.com','^D#z3xe&JxW8',187,0,0),(188,'berenika-ostrowska@gmail.com','Fy9(h&ACx8LG',188,0,0),(189,'monika-kucharska@gmail.com','zM!Jw9%1)4xN',189,1,1),(190,'otylia-chmielewska@gmail.com','VP4iFn818xXl',190,1,0),(191,'klaudia-kołodziej@gmail.com','6^eiFyJS@hAI',191,3,2),(192,'antonina-kucharska@gmail.com','TTz9)BO0ZTDB',192,0,0),(193,'asia-woźniak@gmail.com','j1$%sXcC&)3T',193,0,0),(194,'zofia-chmielewska@gmail.com','iO&#E02OJeOF',194,2,0),(195,'jowita-czarnecka@gmail.com','PDtQ9tqBdZ1v',195,1,0),(196,'aisha-ostrowska@gmail.com','Z&K0ELLIbrk8',196,2,1),(197,'iga-mazur@gmail.com','&h!TU9Sy&L2!',197,0,0),(198,'aneta-jakubowska@gmail.com','Arcsc6@7Xxt9',198,1,0),(199,'monika-zalewska@gmail.com','VY&^CdSDVjdO',199,0,0),(200,'kornelia-kaźmierczak@gmail.com','YTU60E(3HBg#',200,3,1),(201,'karolina-andrzejewska@gmail.com','S9g7AyqcQqT^',201,1,0),(202,'helena-wróblewska@gmail.com','@1OXHR2elJZc',202,1,1),(203,'paulina-kubiak@gmail.com','RLQkvgVvcmW2',203,0,0),(204,'żaneta-malinowska@gmail.com','8BF3xhtPRefD',204,2,1),(205,'danuta-sawicka@gmail.com','DWf29lJ9Gcx@',205,1,1),(206,'teresa-baranowska@gmail.com','S^XyY5WTg!GS',206,3,1),(207,'matylda-pawlak@gmail.com','XDgQy3WdCIXz',207,1,0),(208,'konstancja-głowacka@gmail.com','dysAg!duE(@s',208,2,2),(209,'józefa-wysocka@gmail.com','h0oM!KmISA)P',209,0,0),(210,'pamela-baranowska@gmail.com','VQz1mrxI@AN#',210,1,1),(211,'liliana-urbańska@gmail.com',')U5Rz26zg#3O',211,0,0),(212,'zofia-szczepańska@gmail.com','!1$smQ31JLbp',212,1,0),(213,'pamela-zielińska@gmail.com','ctmW7V1$KSTz',213,5,3),(214,'jolanta-głowacka@gmail.com','Du%wezobIUGI',214,2,2),(215,'kornelia-lis@gmail.com','G3^MO!fU9Wmz',215,0,0),(216,'aniela-szymańska@gmail.com','BZ2Erfso1LgR',216,2,1),(217,'marcelina-mazur@gmail.com','k0mdmD@Tu4$0',217,0,0),(218,'konstancja-kamińska@gmail.com','PU@U3zk30G5J',218,2,1),(219,'edyta-adamska@gmail.com','#NWWhMPHTFrZ',219,1,0),(220,'zofia-czarnecka@gmail.com','$i#uxZu%DbTT',220,0,0),(221,'julita-gajewska@gmail.com','Dqz7m8By5Mr#',221,2,0),(222,'bogna-górska@gmail.com','xw02CadqBOzs',222,1,1),(223,'albert-kowalski@gmail.com','F%0DFt(pTnKU',223,1,0),(224,'leszek-adamska@gmail.com','hh3FLQLBTpor',224,2,1),(225,'mariusz-kwiatkowski@gmail.com','%VDVe4&wXwWf',225,1,1),(226,'ksawery-stępień@gmail.com','KaXXMRAJ3zuz',226,3,1),(227,'henryk-czerwiński@gmail.com','!sRPzuqaWt7c',227,0,0),(228,'ignacy-kołodziej@gmail.com','D3w)5Yv5meeq',228,2,0),(229,'alexander-wasilewska@gmail.com','ZI^AykHB%AXj',229,0,0),(230,'alexander-sadowska@gmail.com','MIWQdmUI32Bt',230,1,1),(231,'czesław-zakrzewska@gmail.com','JV5XrT4AMkOR',231,0,0),(232,'alek-przybylski@gmail.com','0s!HkoiT$hG8',232,1,0),(233,'dawid-kubiak@gmail.com','LHWBjORa8h5c',233,2,0),(234,'aleks-tomaszewski@gmail.com','b3u(rgLgAuUb',234,0,0),(235,'eryk-kamiński@gmail.com','zVWVZ%PgaV!V',235,2,1),(236,'mariusz-woźniak@gmail.com','h154RWb@&6bq',236,0,0),(237,'aleks-sobczak@gmail.com','iJrnIBjdY8fB',237,2,1),(238,'kazimierz-włodarczyk@gmail.com','ALeWT1HoKKYp',238,0,0),(239,'eryk-kwiatkowski@gmail.com',')CtCUpw%4PIY',239,3,2),(240,'gustaw-kwiatkowski@gmail.com','(GB(o0lIwsKp',240,0,0),(241,'fabian-czarnecki@gmail.com','C9!Cj&viA2G6',241,1,1),(242,'andrzej-górecki@gmail.com','2B2OdZCXbom7',242,1,1),(243,'eryk-krawczyk@gmail.com','fJtADpYMKeA^',243,3,1),(244,'aleks-szewczyk@gmail.com','Dtunf2nM@Xel',244,1,1),(245,'cezary-maciejewski@gmail.com','95uygRx89q#g',245,1,0),(246,'robert-adamska@gmail.com','ughqy2tU6gu7',246,0,0),(247,'alojzy-borkowski@gmail.com','G)vQQ)^tLEBz',247,2,0),(248,'edward-bąk@gmail.com','#P)b12AWDDvi',248,0,0),(249,'jędrzej-baran@gmail.com','!@3)1kJ2SR^9',249,1,1),(250,'lucjan-andrzejewski@gmail.com','k6HdAX0!vXsy',250,0,0),(251,'bartłomiej-laskowska@gmail.com','I(6bAo^ONp@L',251,0,0),(252,'anastazy-mróz@gmail.com','t9#h9KG37qTK',252,0,0),(253,'miłosz-pietrzak@gmail.com','cxDUGnLRflSY',253,1,1),(254,'olgierd-szulc@gmail.com','qGxhOqi6S1Cf',254,1,0),(255,'bruno-górecki@gmail.com','On$&Mci#KjZX',255,3,2),(256,'leszek-baran@gmail.com','nIjWd!aaFhH5',256,1,1),(257,'gustaw-krawczyk@gmail.com','TgTMz$D(3B@x',257,1,1),(258,'ksawery-głowacka@gmail.com','Dqm14j6(RYWx',258,2,1),(259,'amir-cieślak@gmail.com','o4^q3cS7Qeps',259,1,1),(260,'radosław-dąbrowski@gmail.com','ZHJu4owm8&1D',260,3,2),(261,'alexander-mróz@gmail.com','z2W9L!vW(Ub!',261,0,0),(262,'marian-kowalczyk@gmail.com','AjvU!3q8Hibg',262,1,1),(263,'alex-jasiński@gmail.com','L6M8Aj5XD4Co',263,2,0),(264,'jacek-kwiatkowski@gmail.com','KoXYii3v6#v9',264,0,0),(265,'gniewomir-wojciechowski@gmail.com','7xD08CYYpxcM',265,2,1),(266,'leszek-wróblewski@gmail.com','xpa@tQD4Ae27',266,0,0),(267,'ludwik-kaźmierczak@gmail.com','tOE2Wt@cAi$u',267,4,4),(268,'przemysław-woźniak@gmail.com','FdLrt8iOJv5h',268,1,1),(269,'alfred-adamska@gmail.com','P^f%67e3@D@i',269,1,1),(270,'fryderyk-szymczak@gmail.com','2o1cOKv4arto',270,2,1),(271,'aleksy-chmielewski@gmail.com','pinrWdj66SPG',271,1,0),(272,'adrian-wiśniewski@gmail.com','vM$MyxXBft@U',272,2,2);
/*!40000 ALTER TABLE `accounts` ENABLE KEYS */;
UNLOCK TABLES;

--
-- Table structure for table `book_returns`
--

DROP TABLE IF EXISTS `book_returns`;
/*!40101 SET @saved_cs_client     = @@character_set_client */;
/*!50503 SET character_set_client = utf8mb4 */;
CREATE TABLE `book_returns` (
  `returnID` int NOT NULL AUTO_INCREMENT,
  `return_date` timestamp NULL DEFAULT CURRENT_TIMESTAMP,
  `accountID` int NOT NULL,
  `bookID` int NOT NULL,
  `workerID` int NOT NULL,
  `borrowID` int DEFAULT NULL,
  PRIMARY KEY (`returnID`),
  KEY `accountID` (`accountID`),
  KEY `bookID` (`bookID`),
  KEY `workerID` (`workerID`),
  KEY `borrowID` (`borrowID`),
  CONSTRAINT `book_returns_ibfk_1` FOREIGN KEY (`accountID`) REFERENCES `accounts` (`accountID`),
  CONSTRAINT `book_returns_ibfk_2` FOREIGN KEY (`bookID`) REFERENCES `books` (`bookID`),
  CONSTRAINT `book_returns_ibfk_3` FOREIGN KEY (`workerID`) REFERENCES `staff` (`staffID`),
  CONSTRAINT `book_returns_ibfk_4` FOREIGN KEY (`borrowID`) REFERENCES `checkout` (`borrowID`)
) ENGINE=InnoDB AUTO_INCREMENT=244 DEFAULT CHARSET=utf8mb4 COLLATE=utf8mb4_0900_ai_ci;
/*!40101 SET character_set_client = @saved_cs_client */;

--
-- Dumping data for table `book_returns`
--

LOCK TABLES `book_returns` WRITE;
/*!40000 ALTER TABLE `book_returns` DISABLE KEYS */;
INSERT INTO `book_returns` VALUES (1,'2023-01-17 21:51:00',2,2,1,4),(2,'2023-01-22 17:18:32',8,14,2,10),(3,'2023-01-31 23:00:00',1,3,5,1),(5,'2023-01-31 23:00:00',5,11,5,5),(6,'2023-02-01 23:00:00',6,12,3,8),(8,'2022-12-06 23:00:00',50,29,4,11),(9,'2022-12-06 23:00:00',60,38,4,12),(10,'2022-12-08 23:00:00',66,52,1,13),(11,'2022-12-08 23:00:00',13,44,1,14),(12,'2022-12-08 23:00:00',34,66,1,15),(13,'2022-12-11 23:00:00',46,10,1,28),(14,'2022-12-11 23:00:00',46,144,1,43),(15,'2022-12-11 23:00:00',159,100,4,16),(16,'2022-12-11 23:00:00',54,422,4,17),(17,'2022-12-11 23:00:00',102,118,4,18),(18,'2022-12-14 23:00:00',83,305,2,19),(19,'2022-12-14 23:00:00',141,62,2,20),(20,'2022-12-14 23:00:00',35,289,2,21),(21,'2022-12-14 23:00:00',85,276,2,22),(22,'2022-12-14 23:00:00',84,308,2,23),(23,'2022-12-18 23:00:00',67,421,1,60),(24,'2022-12-20 23:00:00',121,420,3,30),(25,'2022-12-20 23:00:00',144,92,3,24),(26,'2022-12-20 23:00:00',95,341,3,39),(27,'2022-12-20 23:00:00',109,201,3,27),(28,'2022-12-20 23:00:00',100,1,3,42),(29,'2022-12-21 23:00:00',60,12,2,61),(30,'2022-12-21 23:00:00',57,340,2,32),(31,'2022-12-21 23:00:00',82,368,2,25),(32,'2022-12-21 23:00:00',52,314,2,50),(33,'2022-12-21 23:00:00',139,199,2,56),(34,'2022-12-21 23:00:00',133,222,2,35),(35,'2022-12-22 23:00:00',90,112,5,26),(36,'2022-12-22 23:00:00',55,248,5,29),(37,'2022-12-22 23:00:00',32,453,5,52),(38,'2022-12-22 23:00:00',138,306,5,67),(39,'2022-12-22 23:00:00',123,132,5,57),(40,'2022-12-27 23:00:00',112,34,1,33),(41,'2022-12-27 23:00:00',97,182,1,65),(42,'2022-12-27 23:00:00',148,271,1,75),(43,'2022-12-27 23:00:00',76,87,1,63),(44,'2022-12-27 23:00:00',29,460,1,72),(45,'2022-12-28 23:00:00',69,143,2,31),(46,'2022-12-28 23:00:00',63,36,2,46),(47,'2022-12-29 23:00:00',74,230,3,77),(48,'2022-12-29 23:00:00',38,211,3,37),(49,'2022-12-29 23:00:00',43,269,3,48),(50,'2023-01-01 23:00:00',70,371,4,34),(51,'2023-01-01 23:00:00',105,315,4,38),(52,'2023-01-01 23:00:00',162,232,4,84),(53,'2023-01-01 23:00:00',85,83,4,69),(54,'2023-01-01 23:00:00',74,220,4,86),(58,'2023-01-08 23:00:00',12,431,2,87),(59,'2023-01-08 23:00:00',86,449,2,81),(60,'2023-01-08 23:00:00',16,242,2,94),(61,'2023-01-08 23:00:00',89,359,2,90),(62,'2023-01-10 23:00:00',1,382,5,40),(63,'2023-01-10 23:00:00',23,385,5,54),(64,'2023-01-10 23:00:00',127,95,5,55),(65,'2023-01-10 23:00:00',56,410,5,76),(66,'2023-01-10 23:00:00',12,307,5,103),(67,'2023-01-11 23:00:00',11,411,1,36),(68,'2023-01-11 23:00:00',15,451,1,41),(69,'2023-01-11 23:00:00',53,284,1,53),(70,'2023-01-11 23:00:00',72,259,1,70),(71,'2023-01-11 23:00:00',142,19,1,108),(72,'2023-01-15 23:00:00',130,393,1,44),(73,'2023-01-15 23:00:00',165,115,1,45),(74,'2023-01-15 23:00:00',73,154,1,88),(75,'2023-01-15 23:00:00',67,435,1,89),(76,'2023-01-17 23:00:00',53,107,3,91),(77,'2023-01-17 23:00:00',53,342,3,113),(78,'2023-01-17 23:00:00',50,105,3,47),(79,'2023-01-17 23:00:00',24,439,3,49),(80,'2023-01-17 23:00:00',81,148,3,51),(81,'2023-01-17 23:00:00',48,243,3,58),(82,'2023-01-17 23:00:00',135,162,3,59),(83,'2023-01-17 23:00:00',15,158,3,62),(84,'2023-01-17 23:00:00',105,223,3,64),(85,'2023-01-17 23:00:00',45,54,3,66),(86,'2023-01-18 23:00:00',90,442,4,71),(87,'2023-01-18 23:00:00',75,101,4,73),(88,'2023-01-18 23:00:00',98,340,4,83),(89,'2023-01-18 23:00:00',115,463,4,100),(90,'2023-01-18 23:00:00',255,74,4,117),(91,'2023-01-19 23:00:00',32,209,5,78),(92,'2023-01-19 23:00:00',118,38,5,79),(93,'2023-01-19 23:00:00',117,416,5,85),(94,'2023-01-19 23:00:00',16,13,5,105),(95,'2023-01-19 23:00:00',12,86,5,125),(96,'2023-01-22 23:00:00',61,238,1,80),(97,'2023-01-22 23:00:00',55,329,1,82),(98,'2023-01-22 23:00:00',106,126,1,128),(99,'2023-01-22 23:00:00',180,149,1,137),(100,'2023-01-22 23:00:00',262,462,1,149),(101,'2023-01-22 23:00:00',184,12,1,156),(102,'2023-01-23 23:00:00',38,189,2,92),(103,'2023-01-23 23:00:00',62,106,2,102),(104,'2023-01-23 23:00:00',1,123,2,112),(105,'2023-01-23 23:00:00',267,99,2,121),(106,'2023-01-23 23:00:00',267,82,2,122),(107,'2023-01-23 23:00:00',80,113,2,136),(108,'2023-01-23 23:00:00',60,232,2,143),(109,'2023-01-23 23:00:00',1,333,2,147),(110,'2023-01-24 23:00:00',64,299,3,93),(111,'2023-01-24 23:00:00',57,46,3,95),(112,'2023-01-24 23:00:00',133,14,3,107),(113,'2023-01-24 23:00:00',82,343,3,115),(114,'2023-01-24 23:00:00',267,111,3,120),(115,'2023-01-24 23:00:00',97,117,3,127),(116,'2023-01-24 23:00:00',225,197,3,132),(117,'2023-01-25 23:00:00',89,452,4,97),(118,'2023-01-25 23:00:00',167,397,4,101),(119,'2023-01-25 23:00:00',52,9,4,110),(120,'2023-01-25 23:00:00',60,217,4,142),(121,'2023-01-25 23:00:00',60,232,4,143),(122,'2023-01-25 23:00:00',226,464,4,150),(123,'2023-01-25 23:00:00',60,35,4,158),(124,'2023-01-25 23:00:00',148,95,4,177),(125,'2023-01-26 23:00:00',51,266,5,98),(126,'2023-01-26 23:00:00',150,130,5,106),(127,'2023-01-26 23:00:00',34,428,5,111),(128,'2023-01-26 23:00:00',214,68,5,124),(129,'2023-01-26 23:00:00',22,191,5,140),(130,'2023-01-26 23:00:00',53,102,5,135),(131,'2023-01-26 23:00:00',53,146,5,134),(132,'2023-01-26 23:00:00',39,75,5,148),(133,'2023-01-30 23:00:00',230,218,2,163),(134,'2023-01-30 23:00:00',175,157,2,138),(135,'2023-01-30 23:00:00',255,119,2,118),(136,'2023-01-30 23:00:00',19,21,2,169),(137,'2023-01-30 23:00:00',19,50,2,168),(138,'2023-01-30 23:00:00',103,80,2,174),(139,'2023-01-30 23:00:00',210,168,2,139),(140,'2023-01-30 23:00:00',183,137,2,181),(141,'2023-01-30 23:00:00',253,192,2,186),(142,'2023-01-30 23:00:00',258,199,2,187),(143,'2023-01-31 23:00:00',235,91,3,123),(144,'2023-01-31 23:00:00',200,186,3,130),(145,'2023-01-31 23:00:00',88,211,3,133),(146,'2023-01-31 23:00:00',49,201,3,141),(147,'2023-01-31 23:00:00',84,246,3,144),(148,'2023-01-31 23:00:00',145,300,3,146),(149,'2023-01-31 23:00:00',205,407,3,151),(150,'2023-01-31 23:00:00',213,33,3,157),(151,'2023-01-31 23:00:00',189,182,3,161),(152,'2023-01-31 23:00:00',270,262,3,165),(153,'2023-01-31 23:00:00',39,31,3,171),(154,'2023-01-31 23:00:00',137,76,3,175),(155,'2023-02-01 23:00:00',118,306,4,154),(156,'2023-02-01 23:00:00',75,152,4,159),(157,'2023-02-01 23:00:00',241,71,4,167),(158,'2023-02-01 23:00:00',81,69,4,173),(159,'2023-02-01 23:00:00',159,114,4,179),(160,'2023-02-01 23:00:00',196,141,4,182),(161,'2023-02-01 23:00:00',244,179,4,185),(162,'2023-02-01 23:00:00',267,227,4,188),(163,'2023-02-01 23:00:00',156,309,4,194),(164,'2023-02-01 23:00:00',216,329,4,196),(165,'2023-02-01 23:00:00',243,339,4,201),(166,'2023-02-01 23:00:00',184,265,4,205),(167,'2023-02-01 23:00:00',153,202,4,209),(168,'2023-02-01 23:00:00',92,135,4,213),(169,'2023-02-02 23:00:00',110,131,5,129),(170,'2023-02-02 23:00:00',256,196,5,131),(171,'2023-02-02 23:00:00',111,268,5,145),(172,'2023-02-02 23:00:00',159,348,5,153),(173,'2023-02-02 23:00:00',96,166,5,160),(174,'2023-02-02 23:00:00',249,242,5,164),(175,'2023-02-02 23:00:00',60,61,5,172),(176,'2023-02-02 23:00:00',159,99,5,178),(177,'2023-02-02 23:00:00',208,156,5,183),(178,'2023-02-02 23:00:00',16,258,5,190),(179,'2023-02-02 23:00:00',4,287,5,192),(180,'2023-02-02 23:00:00',257,367,5,199),(181,'2023-02-02 23:00:00',214,291,5,203),(182,'2023-02-02 23:00:00',163,234,5,207),(183,'2023-02-02 23:00:00',142,172,5,210),(184,'2023-02-05 23:00:00',29,24,1,170),(185,'2023-02-05 23:00:00',170,120,1,180),(186,'2023-02-05 23:00:00',60,249,1,189),(187,'2023-02-05 23:00:00',156,295,1,193),(188,'2023-02-05 23:00:00',242,347,1,198),(189,'2023-02-05 23:00:00',272,364,1,200),(190,'2023-02-05 23:00:00',202,274,1,204),(191,'2023-02-05 23:00:00',172,248,1,206),(192,'2023-02-05 23:00:00',120,150,1,212),(193,'2023-02-05 23:00:00',58,78,1,217),(194,'2023-02-05 23:00:00',60,116,1,222),(195,'2023-02-05 23:00:00',16,163,1,225),(196,'2023-02-05 23:00:00',16,140,1,224),(197,'2023-02-05 23:00:00',218,203,1,230),(198,'2023-02-05 23:00:00',260,294,1,236),(199,'2023-02-05 23:00:00',260,298,1,237),(200,'2023-02-05 23:00:00',60,447,1,252),(201,'2023-02-05 23:00:00',98,454,1,256),(202,'2023-02-06 23:00:00',66,96,2,215),(203,'2023-02-06 23:00:00',102,89,2,219),(204,'2023-02-06 23:00:00',125,107,2,221),(205,'2023-02-06 23:00:00',224,205,2,231),(206,'2023-02-06 23:00:00',239,256,2,233),(207,'2023-02-06 23:00:00',259,332,2,240),(208,'2023-02-06 23:00:00',213,386,2,244),(209,'2023-02-06 23:00:00',208,351,2,246),(210,'2023-02-06 23:00:00',269,436,2,250),(211,'2023-02-06 23:00:00',72,455,2,253),(212,'2023-02-06 23:00:00',122,10,2,259),(213,'2023-02-06 23:00:00',75,64,2,265),(214,'2023-02-06 23:00:00',53,95,2,268),(215,'2023-02-06 23:00:00',25,143,2,273),(216,'2023-02-06 23:00:00',27,147,2,279),(217,'2023-02-06 23:00:00',111,216,2,283),(218,'2023-02-06 23:00:00',191,55,2,290),(219,'2023-02-06 23:00:00',25,108,2,295),(220,'2023-02-06 23:00:00',46,129,2,298),(221,'2023-02-06 23:00:00',10,458,2,306),(222,'2023-02-07 23:00:00',191,176,3,227),(223,'2023-02-07 23:00:00',206,190,3,229),(224,'2023-02-07 23:00:00',116,97,3,220),(225,'2023-02-07 23:00:00',239,237,3,232),(226,'2023-02-07 23:00:00',268,282,3,235),(227,'2023-02-07 23:00:00',204,325,3,239),(228,'2023-02-07 23:00:00',237,350,3,242),(229,'2023-02-07 23:00:00',213,395,3,245),(230,'2023-02-07 23:00:00',265,416,3,248),(231,'2023-02-07 23:00:00',272,443,3,251),(232,'2023-02-07 23:00:00',84,462,3,254),(233,'2023-02-07 23:00:00',115,29,3,258),(234,'2023-02-07 23:00:00',147,21,3,262),(235,'2023-02-07 23:00:00',75,51,3,264),(236,'2023-02-07 23:00:00',53,87,3,267),(237,'2023-02-07 23:00:00',34,124,3,271),(238,'2023-02-07 23:00:00',6,161,3,276),(239,'2023-02-07 23:00:00',70,200,3,281),(240,'2023-02-07 23:00:00',155,12,3,285),(241,'2023-02-07 23:00:00',181,41,3,286),(242,'2023-02-07 23:00:00',222,82,3,293),(243,'2023-02-07 23:00:00',57,122,3,300);
/*!40000 ALTER TABLE `book_returns` ENABLE KEYS */;
UNLOCK TABLES;
/*!50003 SET @saved_cs_client      = @@character_set_client */ ;
/*!50003 SET @saved_cs_results     = @@character_set_results */ ;
/*!50003 SET @saved_col_connection = @@collation_connection */ ;
/*!50003 SET character_set_client  = utf8mb4 */ ;
/*!50003 SET character_set_results = utf8mb4 */ ;
/*!50003 SET collation_connection  = utf8mb4_0900_ai_ci */ ;
/*!50003 SET @saved_sql_mode       = @@sql_mode */ ;
/*!50003 SET sql_mode              = 'STRICT_TRANS_TABLES,NO_ENGINE_SUBSTITUTION' */ ;
DELIMITER ;;
/*!50003 CREATE*/ /*!50017 DEFINER=`root`@`localhost`*/ /*!50003 TRIGGER `set_available` AFTER INSERT ON `book_returns` FOR EACH ROW BEGIN 
		IF NEW.bookID > 0
		THEN
			UPDATE books SET is_available = '1' WHERE books.bookID = NEW.bookID;
		END IF;
	END */;;
DELIMITER ;
/*!50003 SET sql_mode              = @saved_sql_mode */ ;
/*!50003 SET character_set_client  = @saved_cs_client */ ;
/*!50003 SET character_set_results = @saved_cs_results */ ;
/*!50003 SET collation_connection  = @saved_col_connection */ ;
/*!50003 SET @saved_cs_client      = @@character_set_client */ ;
/*!50003 SET @saved_cs_results     = @@character_set_results */ ;
/*!50003 SET @saved_col_connection = @@collation_connection */ ;
/*!50003 SET character_set_client  = utf8mb4 */ ;
/*!50003 SET character_set_results = utf8mb4 */ ;
/*!50003 SET collation_connection  = utf8mb4_0900_ai_ci */ ;
/*!50003 SET @saved_sql_mode       = @@sql_mode */ ;
/*!50003 SET sql_mode              = 'STRICT_TRANS_TABLES,NO_ENGINE_SUBSTITUTION' */ ;
DELIMITER ;;
/*!50003 CREATE*/ /*!50017 DEFINER=`root`@`localhost`*/ /*!50003 TRIGGER `returned_books_counter` AFTER INSERT ON `book_returns` FOR EACH ROW BEGIN 
		IF NEW.bookID > 0
		THEN 
		UPDATE accounts SET no_returned_books = no_returned_books + 1 WHERE accounts.accountID = NEW.accountID;
		END IF;
	END */;;
DELIMITER ;
/*!50003 SET sql_mode              = @saved_sql_mode */ ;
/*!50003 SET character_set_client  = @saved_cs_client */ ;
/*!50003 SET character_set_results = @saved_cs_results */ ;
/*!50003 SET collation_connection  = @saved_col_connection */ ;

--
-- Table structure for table `books`
--

DROP TABLE IF EXISTS `books`;
/*!40101 SET @saved_cs_client     = @@character_set_client */;
/*!50503 SET character_set_client = utf8mb4 */;
CREATE TABLE `books` (
  `bookID` int NOT NULL AUTO_INCREMENT,
  `title` varchar(255) CHARACTER SET utf8mb4 COLLATE utf8mb4_0900_ai_ci NOT NULL,
  `author_firstName` varchar(100) CHARACTER SET utf8mb4 COLLATE utf8mb4_0900_ai_ci DEFAULT NULL,
  `author_lastName` varchar(100) CHARACTER SET utf8mb4 COLLATE utf8mb4_0900_ai_ci NOT NULL,
  `ISBN` varchar(13) CHARACTER SET utf8mb4 COLLATE utf8mb4_0900_ai_ci NOT NULL,
  `publisher` varchar(100) CHARACTER SET utf8mb4 COLLATE utf8mb4_0900_ai_ci DEFAULT NULL,
  `is_available` tinyint(1) DEFAULT '1',
  `pages` int DEFAULT NULL,
  `genre` varchar(150) CHARACTER SET utf8mb4 COLLATE utf8mb4_0900_ai_ci DEFAULT 'unknown',
  PRIMARY KEY (`bookID`)
) ENGINE=InnoDB AUTO_INCREMENT=467 DEFAULT CHARSET=utf8mb4 COLLATE=utf8mb4_0900_bin;
/*!40101 SET character_set_client = @saved_cs_client */;

--
-- Dumping data for table `books`
--

LOCK TABLES `books` WRITE;
/*!40000 ALTER TABLE `books` DISABLE KEYS */;
INSERT INTO `books` VALUES (1,'Konrad Wallenrod','Adam','Mickiewicz','9788373271685','Greg',0,80,'literatura piękna'),(2,'Kordian','Juliusz','Słowacki','35077001465KS','Greg',1,132,'dramat komedia tragedia'),(3,'Lalka','Bolesław','Prus','34407401465KS','Greg',0,664,'powieść klasyka'),(4,'Zbrodnia i kara','Fiodor','Dostojewski','36075701465KS','Greg',1,496,'powieść klasyka'),(5,'Antygona',' ','Sofokles','34274501465KS','Greg',1,96,'dramat komedia tragedia'),(6,'Balladyna','Juliusz','Słowacki','35076201465KS','Greg',0,188,'dramat komedia tragedia'),(7,'Zemsta','Aleksander','Fredro','35259201465KS','Greg',1,152,'dramat komedia tragedia'),(8,'Antygona',' ','Sofokles','34274501465KS','Greg',1,96,'dramat komedia tragedia'),(9,'Balladyna','Juliusz','Słowacki','35076201465KS','Greg',0,188,'dramat komedia tragedia'),(10,'Zemsta','Aleksander','Fredro','35259201465KS','Greg',1,152,'dramat komedia tragedia'),(11,'Ostatnie życzenie. Wiedźmin. Tom 1','Andrzej','Sapkowski','68007901377KS','SuperNowa',0,332,'fantasy science-fiction'),(12,'Ostatnie życzenie. Wiedźmin. Tom 1','Andrzej','Sapkowski','68007901377KS','SuperNowa',0,332,'fantasy science-fiction'),(13,'Miecz przeznaczenia. Wiedźmin. Tom 2','Andrzej','Sapkowski','9788375780642','SuperNowa',0,400,'fantasy science-fiction'),(14,'Miecz przeznaczenia. Wiedźmin. Tom 2','Andrzej','Sapkowski','9788375780642','SuperNowa',0,400,'fantasy science-fiction'),(15,'Wiedźmin. Tom 3. Krew elfów','Andrzej','Sapkowski','9788375780659','SuperNowa',1,339,'fantasy science-fiction'),(16,'Wiedźmin. Tom 4. Czas pogardy','Andrzej','Sapkowski','9788375780666','SuperNowa',0,367,'fantasy science-fiction'),(17,'Wiedźmin. Tom 5. Chrzest ognia','Andrzej','Sapkowski','9788375780673','SuperNowa',1,381,'fantasy science-fiction'),(18,'Wiedźmin. Tom 6. Wieża jaskółki','Andrzej','Sapkowski','9788375780680','SuperNowa',1,488,'fantasy science-fiction'),(19,'Wiedźmin. Tom 7. Pani Jeziora','Andrzej','Sapkowski','9788375780697','SuperNowa',0,595,'fantasy science-fiction'),(20,'Wiedźmin. Tom 8. Sezon burz','Andrzej','Sapkowski','9788375780598','SuperNowa',1,404,'fantasy science-fiction'),(21,'Gra o tron. Pieśń Lodu i Ognia. Tom 1','George R.R.','Martin','9788382025866','Zysk i S-ka',1,844,'fantasy science-fiction'),(22,'Starcie królów. Pieśń Lodu i Ognia. Tom 2','George R.R.','Martin','9788382027525','Zysk i S-ka',0,1022,'fantasy science-fiction'),(23,'Stal i śnieg. Nawałnica mieczy. Część 1. Pieśń Lodu i Ognia. Tom 3','George R.R.','Martin','9788382027532','Zysk i S-ka',1,736,'fantasy science-fiction'),(24,'Krew i złoto. Nawałnica mieczy. Część 2. Pieśń Lodu i Ognia. Tom 3','George R.R.','Martin','9788382027549','Zysk i S-ka',1,640,'fantasy science-fiction'),(25,'Cienie śmierci. Uczta dla wron. Część 1. Pieśń Lodu i Ognia. Tom 4','George R.R.','Martin','9788382027556','Zysk i S-ka',0,480,'fantasy science-fiction'),(26,'Sieć spisków. Uczta dla wron. Część 2. Pieśń Lodu i Ognia. Tom 4','George R.R.','Martin','9788382027563','Zysk i S-ka',1,504,'fantasy science-fiction'),(27,'Taniec ze smokami. Część 1. Pieśń Lodu i Ognia. Tom 5','George R.R.','Martin','9788382027570','Zysk i S-ka',0,628,'fantasy science-fiction'),(28,'Taniec ze smokami. Część 2. Pieśń Lodu i Ognia. Tom 5','George R.R.','Martin','9788382027587','Zysk i S-ka',1,684,'fantasy science-fiction'),(29,'Harry Potter i Kamień Filozoficzny. Tom 1','Joanne Kathleen','Rowling','9788380082335','Media Rodzina',1,328,'fantasy młodzieżowa'),(30,'Harry Potter i Komnata Tajemnic. Tom 2','Joanne Kathleen','Rowling','9788380082359','Media Rodzina',0,368,'fantasy młodzieżowa'),(31,'Harry Potter i Więzień Azkabanu. Tom 3','Joanne Kathleen','Rowling','9788380082373','Media Rodzina',0,458,'fantasy młodzieżowa'),(32,'Harry Potter i Czara Ognia. Tom 4','Joanne Kathleen','Rowling','9788380082397','Media Rodzina',1,766,'fantasy młodzieżowa'),(33,'Harry Potter i Zakon Feniksa. Tom 5','Joanne Kathleen','Rowling','9788380082410','Media Rodzina',0,960,'fantasy młodzieżowa'),(34,'Harry Potter i Książę Półkrwi. Tom 6','Joanne Kathleen','Rowling','9788380082434','Media Rodzina',1,704,'fantasy młodzieżowa'),(35,'Harry Potter i Insygnia Śmierci. Tom 7','Joanne Kathleen','Rowling','9788380082458','Media Rodzina',1,782,'fantasy młodzieżowa'),(36,'Jądro ciemności','Joseph','Conrad','44596101465KS','Greg',1,96,'literatura piękna klasyka'),(37,'Lord Jim','Joseph','Conrad','9788382791686','Siedmioróg',1,272,'powieść klasyka'),(38,'Ferdydurke','Witold','Gombrowicz','9788308070536','Literackie',1,296,'powieść literatura piękna klasyka'),(39,'Granica','Zofia','Nałkowska','52645901465KS','Greg',0,242,'literatura piękna'),(40,'Chłopi','Władysław','Reymont','35076301465KS','Greg',1,720,'powieść klasyka'),(41,'Dziady','Adam','Mickiewicz','35076701465KS','Greg',1,304,'dramat klasyka'),(42,'Sisi. Samowolna cesarzowa','Allison','Pataki','9788327688323','HarperCollins',1,560,'powieść historyczna'),(43,'Przyjaciele, kochankowie i ta Wielka Straszna Rzecz','Matthew','Perry','9788383182070','W.A.B.',1,304,'biografia autobiografia pamiętnik'),(44,'Merci, monsieur Dior','Agnes','Gabriel','9788367157803','Marginesy',0,312,'literatura piękna'),(45,'Krwawy Księżyc','Jo','Nesbo','9788327163585','Dolnośląskie',1,448,'kryminał sensacja thriller'),(46,'Zemsta','Jo','Nesbo','9788327161420','Dolnośląskie',1,416,'kryminał sensacja thriller'),(47,'Zazdrość','Jo','Nesbo','9788327161031','Dolnośląskie',0,320,'kryminał sensacja thriller'),(48,'Do cna','Katarzyna','Bonda','9788328725195','Muza',1,352,'kryminał sensacja thriller'),(49,'Ze złości','Katarzyna','Bonda','9788328723627','Muza',1,352,'kryminał sensacja thriller'),(50,'O włos','Katarzyna','Bonda','9788328720114','Muza',1,352,'kryminał sensacja thriller'),(51,'Mleko i miód. Milk and Honey','Kaur','Rupi','9781449474256','Wydawnictwo Otwarte',1,400,'poezja'),(52,'Chwila','Wiesława','Szymborska','9788324002276','Społeczny Instytut Wydawniczy Znak',1,64,'poezja'),(53,'Wielka liczba','Wiesława','Szymborska','9788324062249','Społeczny Instytut Wydawniczy Znak',0,72,'poezja'),(54,'Miłość od pierwszego wejrzenia','Wiesława','Szymborska','9788361488675','Wydawnictwo Format',1,70,'literatura piękna'),(55,'Dwukropek','Wiesława','Szymborska','9788324064335','Społeczny Instytut Wydawniczy Znak',1,96,'poezja'),(56,'Sól','Wiesława','Szymborska','9788324054077','Społeczny Instytut Wydawniczy Znak',1,64,'poezja'),(57,'Wszelki wypadek','Wiesława','Szymborska','9788324065288','Społeczny Instytut Wydawniczy Znak',0,80,'poezja'),(58,'Hamlet','William','Shakespeare','9788380745032','Bukowy Las',1,248,'dramat komedia tragedia'),(59,'Sen nocy letniej','William','Shakespeare','9788380745032','Bukowy Las',1,144,'dramat komedia tragedia'),(60,'Makbet','William','Shakespeare','9788366969025','Wydawnictwo Książkowe Ibis',0,140,'dramat komedia tragedia'),(61,'Juliusz Cezar','William','Shakespeare','9788367240017','Ciekawe Miejsca',1,176,'dramat komedia tragedia'),(62,'Komedie','William','Shakespeare','9788324065158','Społeczny Instytut Wydawniczy Znak',0,1392,'dramat komedia tragedia'),(63,'Romeo i Julia','William','Shakespeare','9788380745018','Bukowy Las',1,200,'dramat komedia tragedia'),(64,'Gwiazd naszych wina','John','Green','9788364481468','Bukowy Las',1,320,'powieść młodzieżowa'),(65,'Szukając Alaski','John','Green','9788364481574','Bukowy Las',1,312,'powieść młodzieżowa'),(66,'Martin Eden','Jack','London','9788377916964','Wydawnictwo Siedmioróg',0,368,'powieść klasyka'),(67,'Biały kieł','Jack','London','9788381162142','Wydawnictwo Zysk i S-ka',1,414,'powieść młodzieżowa'),(68,'Zew krwi','Jack','London','9788372986405','Wydawnictwo Zysk i S-ka',0,170,'powieść młodzieżowa'),(69,'Droga do domu','Bobbie','Pyron','9788375512250','Wydawnictwo BIS',1,376,'powieść młodzieżowa'),(70,'Lassie, wróć!','Eric','Knight','9788375175714','Greg',1,220,'powieść młodzieżowa'),(71,'Pinokio','Carlo','Collodi','9788373276093','Greg',0,172,'powieść młodzieżowa'),(72,'Ania z Zielonego Wzgórza','Montgomery Lucy','Maud','9788375174700','Greg',1,348,'powieść młodzieżowa literatura piękna'),(73,'Atomowe nawyki. Drobne zmiany, niezwykłe efekty','James','Clear','9788375797381','Wydawnictwo Galaktyka',1,272,'poradnik'),(74,'Siła nawyku','Charles','Duhigg','9788377052709','Wydawnictwo Galaktyka',1,424,'poradnik nauki społeczne'),(75,'Genialna przyjaciółka','Elena','Ferrante','9788381107983','Sonia Draga',0,480,'powieść literatura piękna'),(76,'Historia nowego nazwiska','Elena','Ferrante','9788366460782','Sonia Draga',1,600,'powieść literatura piękna'),(77,'Historia ucieczki','Elena','Ferrante','9788366661820','Sonia Draga',1,520,'powieść literatura piękna'),(78,'Historia zaginionej dziewczynki','Elena','Ferrante','9788381102285','Sonia Draga',1,592,'powieść literatura piękna'),(79,'Zakłamane życie dorosłych','Elena','Ferrante','9788382305180','Sonia Draga',1,456,'powieść literatura piękna'),(80,'Czas porzucenia','Elena','Ferrante','9788381109871','Sonia Draga',1,292,'powieść literatura piękna'),(81,'Baśniowa opowieść','Stephen','King','9788367338189','Albatros',1,704,'fantasy science-fiction'),(82,'Podpalaczka','Stephen','King','9788382159523','Albatros',1,512,'horror'),(83,'Komórka','Stephen','King','9788382158885','Albatros',0,432,'horror'),(84,'Billy Summers','Stephen','King','9788382342154','Prószyński i S-ka',0,608,'kryminał sensacja thriller'),(85,'Gra Geralda','Stephen','King','9788382155334','Albatros',1,416,'kryminał sensacja thriller'),(86,'Zielona Mila','Stephen','King','9788382154641','Albatros',0,416,'fantasy science-fiction'),(87,'Później','Stephen','King','9788382153637','Albatros',1,384,'horror'),(88,'Outsider','Stephen','King','9788381690805','Prószyński i S-ka',1,640,'fantasy science-fiction'),(89,'Pan Mercedes','Stephen','King','9788365781710','Albatros',1,576,'kryminał sensacja thriller'),(90,'To','Stephen','King','9788381257022','Albatros',1,1104,'horror'),(91,'Buszujący w zbożu','Jerome David','Salinger','9788379859115','Albatros',0,304,'powieść literatura piękna'),(92,'I nie było już nikogo','Agatha','Christie','9788327150363','Wydawnictwo Dolnośląskie',1,216,'kryminał sensacja thriller'),(93,'Śmierć nadchodzi jesienią','Agatha','Christie','9788327163196','Wydawnictwo Dolnośląskie',0,400,'kryminał sensacja thriller'),(94,'Projekt Hail Mary','Andy','Weir','9788328716803','Akurat',0,509,'fantasy science-fiction'),(95,'Artemis','Andy','Weir','9788328707283','Akurat',1,416,'fantasy science-fiction'),(96,'Marsjanin','Andy','Weir','9788328705326','Akurat',0,384,'fantasy science-fiction'),(97,'Powolne spalanie','Paula','Hawkins','9788381399128','Świat Książki',1,360,'kryminał sensacja thriller'),(98,'Zapisane w wodzie','Paula','Hawkins','9788380317086','Świat Książki',0,368,'kryminał sensacja thriller'),(99,'Dziewczyna z pociągu','Paula','Hawkins','9788380316904','Świat Książki',1,328,'kryminał sensacja thriller'),(100,'Trzej muszkieterowie','Aleksander','Dumas','9788311152151','Bellona',0,750,'powieść klasyka'),(101,'D’Artagnan','Aleksander','Dumas','9788376232454','Zielona Sowa',0,180,'powieść młodzieżowa klasyka'),(102,'W dwadzieścia lat później','Aleksander','Dumas','9788374487597','Hachette Polska',1,751,'powieść klasyka'),(103,'Wicehrabia de Bragelonne','Aleksander','Dumas','8320712947','Wydawnictwo Iskry',1,1282,'powieść klasyka'),(104,'Komu bije dzwon','Ernest','Hemingway','8372008027','Muza',0,631,'powieść literatura piękna'),(105,'Ruchome święto','Ernest','Hemingway','9788367406536','Marginesy',0,280,'powieść literatura piękna'),(106,'Zaś słońce wschodzi','Ernest','Hemingway','9788367262217','Marginesy',0,256,'powieść literatura piękna'),(107,'Stary człowiek i morze','Ernest','Hemingway','9788367157155','Marginesy',1,100,'powieść literatura piękna'),(108,'Cząstki elementarne','Michel','Houellebecq','9788328074743','W.A.B.',1,400,'powieść literatura piękna'),(109,'Unicestwianie','Michel','Houellebecq','9788383182032','W.A.B.',0,624,'powieść literatura piękna'),(110,'Poszerzenie pola walki','Michel','Houellebecq','9788328079892','W.A.B.',0,192,'powieść literatura piękna'),(111,'Opowieść podręcznej','Margaret','Atwood','9788380324398','Wielka Litera',1,368,'powieść literatura piękna'),(112,'Testamenty','Margaret','Atwood','9788380324299','Wielka Litera',1,464,'powieść literatura piękna'),(113,'Serce umiera ostatnie','Margaret','Atwood','9788380324350','Wielka Litera',0,384,'powieść literatura piękna'),(114,'Kamienne posłanie','Margaret','Atwood','9788380324008','Wielka Litera',1,288,'powieść literatura piękna'),(115,'Ślepy zabójca','Margaret','Atwood','9788380323094','Wielka Litera',1,632,'powieść literatura piękna'),(116,'Grace i Grace','Margaret','Atwood','9788381230803','Prószyński i S-ka',1,576,'powieść literatura piękna'),(117,'Oryks i Derkacz','Margaret','Atwood','9788380970335','Prószyński i S-ka',0,424,'powieść literatura piękna'),(118,'451° Fahrenheita','Ray','Bradbury','9788374809221','Mag',0,176,'fantasy science-fiction'),(119,'Pan Lodowego Ogrodu. Tom 1','Jarosław','Grzędowicz','9788379644964','Fabryka Słów',0,660,'fantasy science-fiction'),(120,'Pan Lodowego Ogrodu. Tom 2','Jarosław','Grzędowicz','9788379644971','Fabryka Słów',1,625,'fantasy science-fiction'),(121,'Pan Lodowego Ogrodu. Tom 3','Jarosław','Grzędowicz','9788379646661','Fabryka Słów',0,484,'fantasy science-fiction'),(122,'Pan Lodowego Ogrodu. Tom 4','Jarosław','Grzędowicz','9788379646784','Fabryka Słów',1,880,'fantasy science-fiction'),(123,'Wypychacz zwierząt','Jarosław','Grzędowicz','9788379646289','Fabryka Słów',1,472,'fantasy science-fiction'),(124,'Azyl','Jarosław','Grzędowicz','9788379642656','Fabryka Słów',1,400,'fantasy science-fiction'),(125,'Hel 3','Jarosław','Grzędowicz','9788379642045','Fabryka Słów',0,492,'fantasy science-fiction'),(126,'Małe życie','Hanya','Yanagihara','9788328026483','W.A.B.',1,816,'powieść literatura piękna'),(127,'Ludzie na drzewach','Hanya','Yanagihara','9788328046290','W.A.B.',0,445,'powieść literatura piękna'),(128,'21 lekcji na XXI wiek','Yuval Noah','Harari','9788308074619','Wydawnictwo Literackie',0,456,'popularnonaukowa filozofia etyka'),(129,'Sapiens. Od zwierząt do bogów','Yuval Noah','Harari','9788308074688','Wydawnictwo Literackie',1,544,'popularnonaukowa filozofia etyka'),(130,'Homo deus. Krótka historia jutra','Yuval Noah','Harari','9781910701874','Wydawnictwo Literackie',0,540,'popularnonaukowa filozofia etyka'),(131,'Hobbit','John Ronald Reuel','Tolkien','9788381162647','Zysk i S-ka',0,304,'fantasy science-fiction'),(132,'Silmarillion','John Ronald Reuel','Tolkien','9788382027839','Zysk i S-ka',1,484,'fantasy science-fiction'),(133,'Drużyna Pierścienia','John Ronald Reuel','Tolkien','9788324144242','Amber',0,448,'fantasy science-fiction'),(134,'Władca Pierścieni. Dwie Wieże','John Ronald Reuel','Tolkien','9788381161749','Zysk i S-ka',1,432,'fantasy science-fiction'),(135,'Władca Pierścieni. Powrót Króla','John Ronald Reuel','Tolkien','9788382024906','Zysk i S-ka',1,369,'fantasy science-fiction'),(136,'Outpost','Dmitry','Glukhovsky','9788366575752','Insignis',0,348,'fantasy science-fiction'),(137,'Metro 2033','Dmitry','Glukhovsky','9788366071308','Insignis',0,578,'fantasy science-fiction'),(138,'Metro 2034','Dmitry','Glukhovsky','9788366071315','Insignis',1,488,'fantasy science-fiction'),(139,'Metro 2035','Dmitry','Glukhovsky','9788365315052','Insignis',0,540,'fantasy science-fiction'),(140,'Futu.re','Dmitry','Glukhovsky','9788363944483','Insignis',1,635,'fantasy science-fiction'),(141,'Witajcie w Rosji','Dmitry','Glukhovsky','9788363944469','Insignis',1,367,'fantasy science-fiction'),(142,'Tekst','Dmitry','Glukhovsky','9788365743558','Insignis',1,366,'kryminał sensacja thriller'),(143,'Lolita','Vladimir','Nabokov','9788377582428','Muza',1,416,'powieść literatura piękna'),(144,'Zaproszenie na egzekucję','Vladimir','Nabokov','9788328092662','W.A.B.',1,237,'powieść literatura piękna'),(145,'Czarodziej','Vladimir','Nabokov','9788328703551','Muza',0,122,'powieść literatura piękna'),(146,'Splendor','Vladimir','Nabokov','9788328702714','Muza',1,256,'powieść literatura piękna'),(147,'Prowokacja','Stanisław','Lem','9788363471996','Lem Estate',1,44,'fantasy science-fiction'),(148,'Wysoki Zamek','Stanisław','Lem','9788308070161','Wydawnictwo Literackie',1,208,'biografia autobiografia pamiętnik'),(149,'Astronauci','Stanisław','Lem','9788308063620','Wydawnictwo Literackie',0,420,'fantasy science-fiction'),(150,'Fiasko','Stanisław','Lem','9788308063507','Wydawnictwo Literackie',1,425,'fantasy science-fiction'),(151,'Szpital Przemienienia','Stanisław','Lem','9788308063514','Wydawnictwo Literackie',0,292,'powieść literatura piękna'),(152,'Głos Pana','Stanisław','Lem','9788308061923','Wydawnictwo Literackie',1,320,'fantasy science-fiction'),(153,'Katar','Stanisław','Lem','9788308061824','Wydawnictwo Literackie',0,256,'fantasy science-fiction'),(154,'Powrót z gwiazd','Stanisław','Lem','9788308061756','Wydawnictwo Literackie',1,400,'fantasy science-fiction'),(155,'Eden','Stanisław','Lem','9788308061749','Wydawnictwo Literackie',0,424,'fantasy science-fiction'),(156,'Niezwyciężony','Stanisław','Lem','9788308060377','Wydawnictwo Literackie',1,260,'fantasy science-fiction'),(157,'Cyberiada','Stanisław','Lem','9788308055281','Wydawnictwo Literackie',1,508,'fantasy science-fiction'),(158,'Solaris','Stanisław','Lem','9788308049051','Wydawnictwo Literackie',0,340,'fantasy science-fiction'),(159,'Mistrz i Małgorzata','Michaił','Bułhakow','9788324043651','Znak',1,544,'powieść klasyk'),(160,'Folwark zwierzęcy','George','Orwell','9788377580288','Muza',0,136,'powieść klasyk satyra'),(161,'Brak tchu','George','Orwell','9788311166233','Bellona',1,304,'powieść literatura piękna'),(162,'Birmańskie dni','George','Orwell','9788379983209','Vis-á-Vis/Etiuda',1,320,'powieść literatura piękna'),(163,'Na dnie w Paryżu i Londynie','George','Orwell','9788311166240','Bellona',1,256,'powieść literatura piękna'),(164,'1984','George','Orwell','9789180352963','Bellona',0,348,'fantasy science-fiction'),(165,'Zwodniczy punkt','Dan','Brown','9788366661646','Sonia Draga',1,584,'kryminał sensacja thriller'),(166,'Cyfrowa twierdza','Dan','Brown','9788366661639','Sonia Draga',1,488,'kryminał sensacja thriller'),(167,'Kod Leonarda da Vinci','Dan','Brown','9788366661622','Sonia Draga',0,592,'kryminał sensacja thriller'),(168,'Zaginiony symbol','Dan','Brown','9788366661592','Sonia Draga',1,662,'kryminał sensacja thriller'),(169,'Anioły i demony','Dan','Brown','9788366661585','Sonia Draga',1,664,'kryminał sensacja thriller'),(170,'Inferno','Dan','Brown','9788366661561','Sonia Draga',0,688,'kryminał sensacja thriller'),(171,'Początek','Dan','Brown','9788381101431','Sonia Draga',1,576,'kryminał sensacja thriller'),(172,'Igrzyska śmierci','Suzanne','Collins','9788372783578','Media Rodzina',1,378,'powieść młodzieżowa fantasy'),(173,'W pierścieniu ognia','Suzanne','Collins','9788380087828','Media Rodzina',0,360,'powieść młodzieżowa fantasy'),(174,'Kosogłos','Suzanne','Collins','9788372784919','Media Rodzina',0,367,'powieść młodzieżowa fantasy'),(175,'Uwolniona. Jak wykształcenie odmieniło moje życie','Tara','Westover','9788380155220','Czarna Owca',1,448,'biografia autobiografia pamiętnik'),(176,'O pięknie','Zadie','Smith','9788324058952','Znak',0,600,'powieść literatura piękna'),(177,'Frankenstein','Mary','Shelley','9788381399661','Świat Książki',1,332,'horror'),(178,'Franny i Zooey','Jerome David','Salinger','9788381254991','Albatros',1,240,'powieść literatura piękna'),(179,'Hrabia Monte Christo','Aleksander','Dumas','9788377793183','Wydawnictwo MG',1,944,'powieść klasyk'),(180,'Ostatni bastion umysłu','Garri','Kasparow','9788366575783','Insignis',1,432,'reportaż'),(181,'William','Elizabeth','Strout','9788380326958','Wielka Litera',0,240,'powieść literatura piękna'),(182,'Olive Kitteridge','Elizabeth','Strout','9788380324565','Wielka Litera',1,384,'powieść literatura piękna'),(183,'Bracia Burgess','Elizabeth','Strout','9788380324558','Wielka Litera',0,432,'powieść literatura piękna'),(184,'Mam na imię Lucy','Elizabeth','Strout','9788380324541','Wielka Litera',0,224,'powieść literatura piękna'),(185,'Olive powraca','Elizabeth','Strout','9788380323858','Wielka Litera',1,352,'powieść literatura piękna'),(186,'Amy i Isabelle','Elizabeth','Strout','9788380322219','Wielka Litera',0,448,'powieść literatura piękna'),(187,'Becoming. Moja historia','Michelle','Obama','9788326826306','Agora',1,518,'biografia autobiografia pamiętnik'),(188,'Cień wiatru','Carlos Ruiz','Zafón','9788328708860','Muza',1,520,'powieść literatura piękna'),(189,'Gra Anioła','Carlos Ruiz','Zafón','9788328708884','Muza',1,608,'powieść literatura piękna'),(190,'Więzień nieba','Carlos Ruiz','Zafón','9788328708907','Muza',1,416,'powieść literatura piękna'),(191,'W drodze','Jack','Kerouac','9788377477823','W.A.B.',1,404,'powieść literatura piękna'),(192,'Koniec Wieczności','Isaac','Asimov','9788381885904','Rebis',0,264,'fantasy science-fiction'),(193,'Fundacja','Isaac','Asimov','9788381883405','Rebis',0,204,'fantasy science-fiction'),(194,'Fundacja i Imperium','Isaac','Asimov','9788381881647','Rebis',1,220,'fantasy science-fiction'),(195,'Ja, robot','Isaac','Asimov','9788380624832','Rebis',0,240,'fantasy science-fiction'),(196,'Druga Fundacja','Isaac','Asimov','9788378185222','Rebis',1,216,'fantasy science-fiction'),(197,'Harry Potter i Kamień Filozoficzny. Tom 1','Joanne Kathleen','Rowling','9788380082335','Media Rodzina',0,328,'fantasy młodzieżowa'),(198,'Harry Potter i Komnata Tajemnic. Tom 2','Joanne Kathleen','Rowling','9788380082359','Media Rodzina',0,368,'fantasy młodzieżowa'),(199,'Harry Potter i Więzień Azkabanu. Tom 3','Joanne Kathleen','Rowling','9788380082373','Media Rodzina',1,458,'fantasy młodzieżowa'),(200,'Harry Potter i Czara Ognia. Tom 4','Joanne Kathleen','Rowling','9788380082397','Media Rodzina',1,766,'fantasy młodzieżowa'),(201,'Harry Potter i Zakon Feniksa. Tom 5','Joanne Kathleen','Rowling','9788380082410','Media Rodzina',1,960,'fantasy młodzieżowa'),(202,'Harry Potter i Książę Półkrwi. Tom 6','Joanne Kathleen','Rowling','9788380082434','Media Rodzina',0,704,'fantasy młodzieżowa'),(203,'Harry Potter i Insygnia Śmierci. Tom 7','Joanne Kathleen','Rowling','9788380082458','Media Rodzina',1,782,'fantasy młodzieżowa'),(204,'Konrad Wallenrod','Adam','Mickiewicz','9788373271685','Greg',0,80,'literatura piękna'),(205,'Kordian','Juliusz','Słowacki','35077001465KS','Greg',1,132,'dramat komedia tragedia'),(206,'Lalka','Bolesław','Prus','34407401465KS','Greg',1,664,'powieść klasyka'),(207,'Zbrodnia i kara','Fiodor','Dostojewski','36075701465KS','Greg',0,496,'powieść klasyka'),(208,'Antygona',' ','Sofokles','34274501465KS','Greg',1,96,'dramat komedia tragedia'),(209,'Balladyna','Juliusz','Słowacki','35076201465KS','Greg',1,188,'dramat komedia tragedia'),(210,'Zemsta','Aleksander','Fredro','35259201465KS','Greg',0,152,'dramat komedia tragedia'),(211,'Antygona',' ','Sofokles','34274501465KS','Greg',1,96,'dramat komedia tragedia'),(212,'Balladyna','Juliusz','Słowacki','35076201465KS','Greg',1,188,'dramat komedia tragedia'),(213,'Zemsta','Aleksander','Fredro','35259201465KS','Greg',1,152,'dramat komedia tragedia'),(214,'Buszujący w zbożu','Jerome David','Salinger','9788379859115','Albatros',0,304,'powieść literatura piękna'),(215,'Trzej muszkieterowie','Aleksander','Dumas','9788311152151','Bellona',1,750,'powieść klasyka'),(216,'451° Fahrenheita','Ray','Bradbury','9788374809221','Mag',1,176,'fantasy science-fiction'),(217,'Hobbit','John Ronald Reuel','Tolkien','9788381162647','Zysk i S-ka',0,304,'fantasy science-fiction'),(218,'Hobbit','John Ronald Reuel','Tolkien','9788381162647','Zysk i S-ka',0,304,'fantasy science-fiction'),(219,'Drużyna Pierścienia','John Ronald Reuel','Tolkien','9788324144242','Amber',1,448,'fantasy science-fiction'),(220,'Władca Pierścieni. Dwie Wieże','John Ronald Reuel','Tolkien','9788381161749','Zysk i S-ka',0,432,'fantasy science-fiction'),(221,'Władca Pierścieni. Powrót Króla','John Ronald Reuel','Tolkien','9788382024906','Zysk i S-ka',1,369,'fantasy science-fiction'),(222,'1984','George','Orwell','9789180352963','Bellona',1,348,'fantasy science-fiction'),(223,'Solaris','Stanisław','Lem','9788308049051','Wydawnictwo Literackie',0,340,'fantasy science-fiction'),(224,'Mistrz i Małgorzata','Michaił','Bułhakow','9788324043651','Znak',1,544,'powieść klasyk'),(225,'Frankenstein','Mary','Shelley','9788381399661','Świat Książki',0,332,'horror'),(226,'Franny i Zooey','Jerome David','Salinger','9788381254991','Albatros',1,240,'powieść literatura piękna'),(227,'Hrabia Monte Christo','Aleksander','Dumas','9788377793183','Wydawnictwo MG',0,944,'powieść klasyk'),(228,'Zmierzch','Stephenie','Meyer','9788324589159','Wydawnictwo Dolnośląskie',0,416,'fantasy science-fiction'),(229,'Księżyc w nowiu','Stephenie','Meyer','9788324594603','Wydawnictwo Dolnośląskie',1,478,'fantasy science-fiction'),(230,'Zaćmienie','Stephenie','Meyer','9788324589166','Wydawnictwo Dolnośląskie',0,560,'fantasy science-fiction'),(231,'Przed świtem','Stephenie','Meyer','9788327157751','Wydawnictwo Dolnośląskie',1,719,'fantasy science-fiction'),(232,'Życie i śmierć','Stephenie','Meyer','9788327154613','Wydawnictwo Dolnośląskie',0,792,'fantasy science-fiction'),(233,'Słońce w mroku','Stephenie','Meyer','9788327160584','Wydawnictwo Dolnośląskie',1,751,'fantasy science-fiction'),(234,'Zmierzch','Stephenie','Meyer','9788324589159','Wydawnictwo Dolnośląskie',1,416,'fantasy science-fiction'),(235,'Księżyc w nowiu','Stephenie','Meyer','9788324594603','Wydawnictwo Dolnośląskie',0,478,'fantasy science-fiction'),(236,'Zaćmienie','Stephenie','Meyer','9788324589166','Wydawnictwo Dolnośląskie',1,560,'fantasy science-fiction'),(237,'Przed świtem','Stephenie','Meyer','9788327157751','Wydawnictwo Dolnośląskie',1,719,'fantasy science-fiction'),(238,'Życie i śmierć','Stephenie','Meyer','9788327154613','Wydawnictwo Dolnośląskie',0,792,'fantasy science-fiction'),(239,'Słońce w mroku','Stephenie','Meyer','9788327160584','Wydawnictwo Dolnośląskie',1,751,'fantasy science-fiction'),(240,'Mężczyźni, którzy nienawidzą kobiet','Stieg','Larsson','9788375540598','Czarna Owca',0,640,'kryminał sensacja thriller'),(241,'Dziewczyna, która igrała z ogniem','Stieg','Larsson','9788375540901','Czarna Owca',1,704,'kryminał sensacja thriller'),(242,'Zamek z piasku, który runął','Stieg','Larsson','9788375541267','Czarna Owca',1,784,'kryminał sensacja thriller'),(243,'Co nas nie zabije','Stieg','Larsson','9788380150492','Czarna Owca',1,504,'kryminał sensacja thriller'),(244,'Mężczyzna, który gonił swój cień','Stieg','Larsson','9788380157927','Czarna Owca',0,424,'kryminał sensacja thriller'),(245,'Ta, która musi umrzeć','Stieg','Larsson','9788380153868','Czarna Owca',1,400,'kryminał sensacja thriller'),(246,'Mężczyźni, którzy nienawidzą kobiet','Stieg','Larsson','9788375540598','Czarna Owca',1,640,'kryminał sensacja thriller'),(247,'Dziewczyna, która igrała z ogniem','Stieg','Larsson','9788375540901','Czarna Owca',0,704,'kryminał sensacja thriller'),(248,'Zamek z piasku, który runął','Stieg','Larsson','9788375541267','Czarna Owca',1,784,'kryminał sensacja thriller'),(249,'Co nas nie zabije','Stieg','Larsson','9788380150492','Czarna Owca',1,504,'kryminał sensacja thriller'),(250,'Mężczyzna, który gonił swój cień','Stieg','Larsson','9788380157927','Czarna Owca',0,424,'kryminał sensacja thriller'),(251,'Ta, która musi umrzeć','Stieg','Larsson','9788380153868','Czarna Owca',1,400,'kryminał sensacja thriller'),(252,'Anioły i demony','Dan','Brown','9788366661585','Sonia Draga',0,664,'kryminał sensacja thriller'),(253,'Kod Leonarda da Vinci','Dan','Brown','9788366661622','Sonia Draga',1,592,'kryminał sensacja thriller'),(254,'Zaginiony symbol','Dan','Brown','9788366661592','Sonia Draga',0,662,'kryminał sensacja thriller'),(255,'Inferno','Dan','Brown','9788366661561','Sonia Draga',1,688,'kryminał sensacja thriller'),(256,'Początek','Dan','Brown','9788381101431','Sonia Draga',1,576,'kryminał sensacja thriller'),(257,'Anioły i demony','Dan','Brown','9788366661585','Sonia Draga',1,664,'kryminał sensacja thriller'),(258,'Kod Leonarda da Vinci','Dan','Brown','9788366661622','Sonia Draga',1,592,'kryminał sensacja thriller'),(259,'Zaginiony symbol','Dan','Brown','9788366661592','Sonia Draga',0,662,'kryminał sensacja thriller'),(260,'Inferno','Dan','Brown','9788366661561','Sonia Draga',1,688,'kryminał sensacja thriller'),(261,'Początek','Dan','Brown','9788381101431','Sonia Draga',1,576,'kryminał sensacja thriller'),(262,'Szpieg','Paulo','Coelho','9788364488450','Drzewo Babel',1,200,'powieść historyczna'),(263,'Zdrada','Paulo','Coelho','9788364488160','Drzewo Babel',0,240,'literatura piękna'),(264,'Weronika postanawia umrzeć','Paulo','Coelho','9788389933676','Drzewo Babel',1,222,'literatura piękna'),(265,'Walkirie','Paulo','Coelho','9788389933317','Drzewo Babel',1,192,'literatura piękna'),(266,'Zwycięzca jest sam','Paulo','Coelho','9788389933904','Drzewo Babel',1,352,'literatura piękna'),(267,'Być jak płynąca rzeka','Paulo','Coelho','9788324711048','Świat Książki',1,288,'literatura piękna'),(268,'Pielgrzym','Paulo','Coelho','9788324716166','Świat Książki',1,304,'literatura piękna'),(269,'Brida','Paulo','Coelho','9788389933324','Drzewo Babel',1,207,'literatura piękna'),(270,'Czarownica z Portobello','Paulo','Coelho','9788389933300','Drzewo Babel',0,256,'literatura piękna'),(271,'Jedenaście minut','Paulo','Coelho','8391844129','Drzewo Babel',1,229,'literatura piękna'),(272,'Alchemik','Paulo','Coelho','8390423022','Drzewo Babel',0,212,'literatura piękna'),(273,'Szpieg','Paulo','Coelho','9788364488450','Drzewo Babel',1,200,'powieść historyczna'),(274,'Zdrada','Paulo','Coelho','9788364488160','Drzewo Babel',1,240,'literatura piękna'),(275,'Weronika postanawia umrzeć','Paulo','Coelho','9788389933676','Drzewo Babel',1,222,'literatura piękna'),(276,'Czarownica z Portobello','Paulo','Coelho','9788389933300','Drzewo Babel',1,256,'literatura piękna'),(277,'Jedenaście minut','Paulo','Coelho','8391844129','Drzewo Babel',1,229,'literatura piękna'),(278,'Alchemik','Paulo','Coelho','8390423022','Drzewo Babel',0,212,'literatura piękna'),(279,'Weronika postanawia umrzeć','Paulo','Coelho','9788389933676','Drzewo Babel',1,222,'literatura piękna'),(280,'Czarownica z Portobello','Paulo','Coelho','9788389933300','Drzewo Babel',1,256,'literatura piękna'),(281,'Jedenaście minut','Paulo','Coelho','8391844129','Drzewo Babel',1,229,'literatura piękna'),(282,'Alchemik','Paulo','Coelho','8390423022','Drzewo Babel',1,212,'literatura piękna'),(283,'Duma i uprzedzenie','Jane','Austen','9788411491525','RBA',1,319,'klasyka'),(284,'Rozważna i romantyczna','Jane','Austen','9788377798690','Wydawnictwo MG',1,320,'klasyka'),(285,'Perswazje','Jane','Austen','9788381398992','Świat Książki',0,256,'klasyka'),(286,'Emma','Jane','Austen','9788381398763','Świat Książki',0,480,'klasyka'),(287,'Mansfield Park','Jane','Austen','9788381398770','Świat Książki',1,432,'klasyka'),(288,'Lady Susan','Jane','Austen','9788328439245','Klasyka Literatury Nexto',1,224,'klasyka'),(289,'Duma i uprzedzenie','Jane','Austen','9788411491525','RBA',1,319,'klasyka'),(290,'Rozważna i romantyczna','Jane','Austen','9788377798690','Wydawnictwo MG',1,320,'klasyka'),(291,'Perswazje','Jane','Austen','9788381398992','Świat Książki',1,256,'klasyka'),(292,'W pustyni i w puszczy','Henryk','Sienkiewicz','9788382163711','Firma Księgarska Olesiejuk',1,384,'powieść młodzieżowa'),(293,'W pustyni i w puszczy','Henryk','Sienkiewicz','9788382163711','Firma Księgarska Olesiejuk',0,384,'powieść młodzieżowa'),(294,'W pustyni i w puszczy','Henryk','Sienkiewicz','9788382163711','Firma Księgarska Olesiejuk',1,384,'powieść młodzieżowa'),(295,'Pan Tadeusz','Adam','Mickiewicz','9788366267756','Ossolineum',1,757,'klasyka'),(296,'Dziady','Adam','Mickiewicz','9788328835306','Wolne Lektury',1,401,'klasyka literatura piękna'),(297,'Ballady i romanse','Adam','Mickiewicz','9788378879459','Dragon',1,95,'klasyka'),(298,'Sonety krymskie','Adam','Mickiewicz','9788373272743','Greg',0,32,'poezja'),(299,'Do matki Polki','Adam','Mickiewicz','9788374355032','Wolne Lektury',1,3,'poezja'),(300,'Oda do młodości','Adam','Mickiewicz','9788327020741','Wolne Lektury',1,4,'poezja'),(301,'Grażyna','Adam','Mickiewicz','9788373271807','Greg',0,64,'klasyka'),(302,'Pan Tadeusz','Adam','Mickiewicz','9788366267756','Ossolineum',1,757,'klasyka'),(303,'Dziady','Adam','Mickiewicz','9788328835306','Wolne Lektury',0,401,'klasyka literatura piękna'),(304,'Ballady i romanse','Adam','Mickiewicz','9788378879459','Dragon',1,95,'klasyka'),(305,'Sonety krymskie','Adam','Mickiewicz','9788373272743','Greg',0,32,'poezja'),(306,'Pan Tadeusz','Adam','Mickiewicz','9788366267756','Ossolineum',0,757,'klasyka'),(307,'Dziady','Adam','Mickiewicz','9788328835306','Wolne Lektury',1,401,'klasyka literatura piękna'),(308,'Ballady i romanse','Adam','Mickiewicz','9788378879459','Dragon',0,95,'klasyka'),(309,'Sonety krymskie','Adam','Mickiewicz','9788373272743','Greg',1,32,'poezja'),(310,'Lew, czarownica i stara szafa','Clive Staples','Lewis','8372781753','Media Rodzina',1,182,'fantasy science-fiction'),(311,'Książę Kaspian','Clive Staples','Lewis','9788372783011','Media Rodzina',0,222,'fantasy science-fiction'),(312,'Podróż Wędrowca do Świtu','Clive Staples','Lewis','9788372784858','Media Rodzina',1,246,'fantasy science-fiction'),(313,'Srebrne krzesło','Clive Staples','Lewis','9788372781833','Media Rodzina',0,234,'fantasy science-fiction'),(314,'Koń i jego chłopiec','Clive Staples','Lewis','9788372782854','Media Rodzina',1,215,'fantasy science-fiction'),(315,'Siostrzeniec czarodzieja','Clive Staples','Lewis','8372781850','Media Rodzina',1,200,'fantasy science-fiction'),(316,'Ostatnia bitwa','Clive Staples','Lewis','9788372782878','Media Rodzina',0,195,'fantasy science-fiction'),(317,'Lew, czarownica i stara szafa','Clive Staples','Lewis','8372781753','Media Rodzina',1,182,'fantasy science-fiction'),(318,'Książę Kaspian','Clive Staples','Lewis','9788372783011','Media Rodzina',0,222,'fantasy science-fiction'),(319,'Podróż Wędrowca do Świtu','Clive Staples','Lewis','9788372784858','Media Rodzina',1,246,'fantasy science-fiction'),(320,'Srebrne krzesło','Clive Staples','Lewis','9788372781833','Media Rodzina',1,234,'fantasy science-fiction'),(321,'Koń i jego chłopiec','Clive Staples','Lewis','9788372782854','Media Rodzina',1,215,'fantasy science-fiction'),(322,'Siostrzeniec czarodzieja','Clive Staples','Lewis','8372781850','Media Rodzina',1,200,'fantasy science-fiction'),(323,'Ostatnia bitwa','Clive Staples','Lewis','9788372782878','Media Rodzina',1,195,'fantasy science-fiction'),(324,'Ten obcy','Irena','Jurgielewiczowa','9788310135070','Nasza Księgarnia',1,256,'powieść młodzieżowa'),(325,'Ten obcy','Irena','Jurgielewiczowa','9788310135070','Nasza Księgarnia',1,256,'powieść młodzieżowa'),(326,'Ten obcy','Irena','Jurgielewiczowa','9788310135070','Nasza Księgarnia',1,256,'powieść młodzieżowa'),(327,'Cierpienia młodego Wertera','Johann Wolfgang','Goethe','9788375685428','Siedmioróg',1,144,'klasyka'),(328,'Cierpienia młodego Wertera','Johann Wolfgang','Goethe','9788375685428','Siedmioróg',1,144,'klasyka'),(329,'Pan Lodowego Ogrodu. Tom 1','Jarosław','Grzędowicz','9788375685428','Fabryka Słów',0,660,'fantasy science-fiction'),(330,'Pan Lodowego Ogrodu. Tom 2','Jarosław','Grzędowicz','9788379644971','Fabryka Słów',0,625,'fantasy science-fiction'),(331,'Pan Lodowego Ogrodu. Tom 3','Jarosław','Grzędowicz','9788379646661','Fabryka Słów',1,484,'fantasy science-fiction'),(332,'Pan Lodowego Ogrodu. Tom 4','Jarosław','Grzędowicz','9788379646784','Fabryka Słów',1,880,'fantasy science-fiction'),(333,'Pan Lodowego Ogrodu. Tom 1','Jarosław','Grzędowicz','9788375685428','Fabryka Słów',1,660,'fantasy science-fiction'),(334,'Pan Lodowego Ogrodu. Tom 2','Jarosław','Grzędowicz','9788379644971','Fabryka Słów',0,625,'fantasy science-fiction'),(335,'Pan Lodowego Ogrodu. Tom 3','Jarosław','Grzędowicz','9788379646661','Fabryka Słów',1,484,'fantasy science-fiction'),(336,'Pan Lodowego Ogrodu. Tom 4','Jarosław','Grzędowicz','9788379646784','Fabryka Słów',0,880,'fantasy science-fiction'),(337,'Popiół i kurz','Jarosław','Grzędowicz','9788379646562','Fabryka Słów',1,324,'fantasy science-fiction'),(338,'Wypychacz zwierząt','Jarosław','Grzędowicz','9788379646289','Fabryka Słów',1,472,'fantasy science-fiction'),(339,'Azyl','Jarosław','Grzędowicz','9788379642656','Fabryka Słów',1,400,'fantasy science-fiction'),(340,'Hel 3','Jarosław','Grzędowicz','9788379642045','Fabryka Słów',0,492,'fantasy science-fiction'),(341,'Uczennica maga','Trudi','Canavan','9788392579649','Galeria Książki',1,816,'fantasy science-fiction'),(342,'Gildia Magów','Trudi','Canavan','9788365534613','Galeria Książki',1,520,'fantasy science-fiction'),(343,'Nowicjuszka','Trudi','Canavan','9788365534620','Galeria Książki',0,520,'fantasy science-fiction'),(344,'Wielki Mistrz','Trudi','Canavan','9788362170555','Galeria Książki',1,656,'fantasy science-fiction'),(345,'Opowieść podręcznej','Margaret','Atwood','9788380324398','Wielka Litera',1,368,'powieść literatura piękna'),(346,'Testamenty','Margaret','Atwood','9788380324299','Wielka Litera',0,464,'powieść literatura piękna'),(347,'Serce umiera ostatnie','Margaret','Atwood','9788380324350','Wielka Litera',1,384,'powieść literatura piękna'),(348,'Kamienne posłanie','Margaret','Atwood','9788380324008','Wielka Litera',0,288,'powieść literatura piękna'),(349,'Ślepy zabójca','Margaret','Atwood','9788380323094','Wielka Litera',1,632,'powieść literatura piękna'),(350,'Grace i Grace','Margaret','Atwood','9788381230803','Prószyński i S-ka',1,576,'powieść literatura piękna'),(351,'Komu bije dzwon','Ernest','Hemingway','8372008027','Muza',0,631,'powieść literatura piękna'),(352,'Ruchome święto','Ernest','Hemingway','9788367406536','Marginesy',1,280,'powieść literatura piękna'),(353,'Zaś słońce wschodzi','Ernest','Hemingway','9788367262217','Marginesy',0,256,'powieść literatura piękna'),(354,'Stary człowiek i morze','Ernest','Hemingway','9788367157155','Marginesy',1,100,'powieść literatura piękna'),(355,'Cząstki elementarne','Michel','Houellebecq','9788328074743','W.A.B.',1,400,'powieść literatura piękna'),(356,'Hobbit','John Ronald Reuel','Tolkien','9788381162647','Zysk i S-ka',0,304,'fantasy science-fiction'),(357,'Hobbit','John Ronald Reuel','Tolkien','9788381162647','Zysk i S-ka',1,304,'fantasy science-fiction'),(358,'William','Elizabeth','Strout','9788380326958','Wielka Litera',1,240,'powieść literatura piękna'),(359,'Olive Kitteridge','Elizabeth','Strout','9788380324565','Wielka Litera',1,384,'powieść literatura piękna'),(360,'William','Elizabeth','Strout','9788380326958','Wielka Litera',0,240,'powieść literatura piękna'),(361,'Olive Kitteridge','Elizabeth','Strout','9788380324565','Wielka Litera',0,384,'powieść literatura piękna'),(362,'Konrad Wallenrod','Adam','Mickiewicz','9788373271685','Greg',1,80,'literatura piękna'),(363,'Kordian','Juliusz','Słowacki','35077001465KS','Greg',0,132,'dramat komedia tragedia'),(364,'Lalka','Bolesław','Prus','34407401465KS','Greg',1,664,'powieść klasyka'),(365,'Zbrodnia i kara','Fiodor','Dostojewski','36075701465KS','Greg',1,496,'powieść klasyka'),(366,'Antygona',' ','Sofokles','34274501465KS','Greg',0,96,'dramat komedia tragedia'),(367,'Balladyna','Juliusz','Słowacki','35076201465KS','Greg',1,188,'dramat komedia tragedia'),(368,'Zemsta','Aleksander','Fredro','35259201465KS','Greg',1,152,'dramat komedia tragedia'),(369,'Antygona',' ','Sofokles','34274501465KS','Greg',1,96,'dramat komedia tragedia'),(370,'Balladyna','Juliusz','Słowacki','35076201465KS','Greg',1,188,'dramat komedia tragedia'),(371,'Zemsta','Aleksander','Fredro','35259201465KS','Greg',0,152,'dramat komedia tragedia'),(372,'Konrad Wallenrod','Adam','Mickiewicz','9788373271685','Greg',1,80,'literatura piękna'),(373,'Kordian','Juliusz','Słowacki','35077001465KS','Greg',1,132,'dramat komedia tragedia'),(374,'Lalka','Bolesław','Prus','34407401465KS','Greg',0,664,'powieść klasyka'),(375,'Zbrodnia i kara','Fiodor','Dostojewski','36075701465KS','Greg',0,496,'powieść klasyka'),(376,'Antygona',' ','Sofokles','34274501465KS','Greg',1,96,'dramat komedia tragedia'),(377,'Balladyna','Juliusz','Słowacki','35076201465KS','Greg',1,188,'dramat komedia tragedia'),(378,'Zemsta','Aleksander','Fredro','35259201465KS','Greg',1,152,'dramat komedia tragedia'),(379,'Antygona',' ','Sofokles','34274501465KS','Greg',1,96,'dramat komedia tragedia'),(380,'Balladyna','Juliusz','Słowacki','35076201465KS','Greg',1,188,'dramat komedia tragedia'),(381,'Zemsta','Aleksander','Fredro','35259201465KS','Greg',0,152,'dramat komedia tragedia'),(382,'Dwukropek','Wiesława','Szymborska','9788324064335','Społeczny Instytut Wydawniczy Znak',1,96,'poezja'),(383,'Sól','Wiesława','Szymborska','9788324054077','Społeczny Instytut Wydawniczy Znak',1,64,'poezja'),(384,'Wszelki wypadek','Wiesława','Szymborska','9788324065288','Społeczny Instytut Wydawniczy Znak',0,80,'poezja'),(385,'Komórka','Stephen','King','9788382158885','Albatros',0,432,'horror'),(386,'Billy Summers','Stephen','King','9788382342154','Prószyński i S-ka',1,608,'kryminał sensacja thriller'),(387,'Gra Geralda','Stephen','King','9788382155334','Albatros',1,416,'kryminał sensacja thriller'),(388,'Zielona Mila','Stephen','King','9788382154641','Albatros',1,416,'fantasy science-fiction'),(389,'Lolita','Vladimir','Nabokov','9788377582428','Muza',0,416,'powieść literatura piękna'),(390,'Zaproszenie na egzekucję','Vladimir','Nabokov','9788328092662','W.A.B.',1,237,'powieść literatura piękna'),(391,'Czarodziej','Vladimir','Nabokov','9788328703551','Muza',0,122,'powieść literatura piękna'),(392,'Splendor','Vladimir','Nabokov','9788328702714','Muza',1,256,'powieść literatura piękna'),(393,'Zmierzch','Stephenie','Meyer','9788324589159','Wydawnictwo Dolnośląskie',0,416,'fantasy science-fiction'),(394,'Księżyc w nowiu','Stephenie','Meyer','9788324594603','Wydawnictwo Dolnośląskie',1,478,'fantasy science-fiction'),(395,'Zmierzch','Stephenie','Meyer','9788324589159','Wydawnictwo Dolnośląskie',1,416,'fantasy science-fiction'),(396,'Quo vadis','Henryk','Sienkiewicz','9788375178876','Greg',1,448,'klasyka'),(397,'Quo vadis','Henryk','Sienkiewicz','9788375178876','Greg',1,448,'klasyka'),(398,'Lot nad kukułczym gniazdem','Ken','Kesey','9788382154207','Albatros',1,368,'literatura piękna'),(399,'Jądro ciemności','Joseph','Conrad','9788377793077','Wydawnictwo MG',1,160,'literatura piękna'),(400,'Eragon','Christopher','Paolini','9788366409002','Mag',1,496,'fantasy science-fiction'),(401,'Wesele','Stanisław','Wyspiański','9788375179224','Greg',0,240,'dramat komedia tragedia'),(402,'Lot nad kukułczym gniazdem','Ken','Kesey','9788382154207','Albatros',1,368,'literatura piękna'),(403,'Jądro ciemności','Joseph','Conrad','9788377793077','Wydawnictwo MG',1,160,'literatura piękna'),(404,'Wesele','Stanisław','Wyspiański','9788375179224','Greg',1,240,'dramat komedia tragedia'),(405,'Jądro ciemności','Joseph','Conrad','9788377793077','Wydawnictwo MG',0,160,'literatura piękna'),(406,'Wesele','Stanisław','Wyspiański','9788375179224','Greg',1,240,'dramat komedia tragedia'),(407,'Imię róży','Umberto','Eco','9788373927186','Wydawnictwo Literackie',1,756,'literatura piękna'),(408,'O psie, który jeździł koleją','Roman','Pisarski','9788375176148','Greg',1,72,'powieść młodzieżowa'),(409,'Portret Doriana Graya','Oscar','Wilde','9788381398022','Świat Książki',0,200,'klasyka'),(410,'Imię róży','Umberto','Eco','9788373927186','Wydawnictwo Literackie',0,756,'literatura piękna'),(411,'O psie, który jeździł koleją','Roman','Pisarski','9788375176148','Greg',1,72,'powieść młodzieżowa'),(412,'Portret Doriana Graya','Oscar','Wilde','9788381398022','Świat Książki',0,200,'klasyka'),(413,'Chłopcy z Placu Broni','Ferenc','Molnár','9788310135209','Nasza Księgarnia',1,200,'powieść młodzieżowa'),(414,'Diuna','Frank','Herbert','9788381881388','Rebis',0,777,'fantasy science-fiction'),(415,'Potop','Henryk','Sienkiewicz','9788311153752','Bellona',1,1000,'klasyka'),(416,'Chłopcy z Placu Broni','Ferenc','Molnár','9788310135209','Nasza Księgarnia',1,200,'powieść młodzieżowa'),(417,'Potop','Henryk','Sienkiewicz','9788311153752','Bellona',1,1000,'klasyka'),(418,'Zabić drozda','Harper','Lee','9788378187929','Rebis',1,424,'literatura piękna'),(419,'Ludzie bezdomni','Stefan','Żeromski','8307020433','IBIS',0,352,'klasyka'),(420,'Zabić drozda','Harper','Lee','9788378187929','Rebis',0,424,'literatura piękna'),(421,'Ludzie bezdomni','Stefan','Żeromski','8307020433','IBIS',1,352,'klasyka'),(422,'Władca much','William','Golding','9788382020472','Zysk i S-ka',1,296,'literatura piękna'),(423,'Granica','Zofia','Nałkowska','9788365588692','Ossolineum',1,338,'literatura piękna'),(424,'Władca much','William','Golding','9788382020472','Zysk i S-ka',1,296,'literatura piękna'),(425,'Granica','Zofia','Nałkowska','9788365588692','Ossolineum',0,338,'literatura piękna'),(426,'Granica','Zofia','Nałkowska','9788365588692','Ossolineum',1,338,'literatura piękna'),(427,'Tango','Sławomir','Mrożek','9788373924956','Noir sur Blanc',1,208,'dramat komedia tragedia'),(428,'Latarnik','Henryk','Sienkiewicz','9788380599680','Wydawnictwo SBM',1,52,'powieść historyczna'),(429,'Medaliony','Zofia','Nałkowska','9788375172966','Greg',1,64,'literatura piękna'),(430,'Robinson Crusoe','Daniel','Defoe','9780553213737','Wilga',1,224,'literatura piękna'),(431,'Tango','Sławomir','Mrożek','9788373924956','Noir sur Blanc',0,208,'dramat komedia tragedia'),(432,'Latarnik','Henryk','Sienkiewicz','9788380599680','Wydawnictwo SBM',0,52,'powieść historyczna'),(433,'Medaliony','Zofia','Nałkowska','9788375172966','Greg',1,64,'literatura piękna'),(434,'Robinson Crusoe','Daniel','Defoe','9780553213737','Wilga',1,224,'literatura piękna'),(435,'Tango','Sławomir','Mrożek','9788373924956','Noir sur Blanc',1,208,'dramat komedia tragedia'),(436,'Robinson Crusoe','Daniel','Defoe','9780553213737','Wilga',1,224,'literatura piękna'),(437,'Ślepnąc od świateł','Jakub','Żulczyk','9788381391733','Świat Książki',1,520,'kryminał sensacja thriller'),(438,'Król','Szczepan','Twardoch','9788308070956','Wydawnictwo Literackie',1,432,'powieść historyczna'),(439,'Chołod','Szczepan','Twardoch','9788308076828','Wydawnictwo Literackie',1,416,'literatura piękna'),(440,'Pokora','Szczepan','Twardoch','9788308070666','Wydawnictwo Literackie',0,520,'powieść historyczna'),(441,'Drach','Szczepan','Twardoch','9788308054314','Wydawnictwo Literackie',1,400,'literatura piękna'),(442,'Morfina','Szczepan','Twardoch','9788308050118','Wydawnictwo Literackie',1,584,'literatura piękna'),(443,'Ślepnąc od świateł','Jakub','Żulczyk','9788381391733','Świat Książki',1,520,'kryminał sensacja thriller'),(444,'Król','Szczepan','Twardoch','9788308070956','Wydawnictwo Literackie',1,432,'powieść historyczna'),(445,'Chołod','Szczepan','Twardoch','9788308076828','Wydawnictwo Literackie',1,416,'literatura piękna'),(446,'Pokora','Szczepan','Twardoch','9788308070666','Wydawnictwo Literackie',1,520,'powieść historyczna'),(447,'Drach','Szczepan','Twardoch','9788308054314','Wydawnictwo Literackie',1,400,'literatura piękna'),(448,'Morfina','Szczepan','Twardoch','9788308050118','Wydawnictwo Literackie',1,584,'literatura piękna'),(449,'Love, Rosie','Cecelia','Ahern','9788377587461','Akurat',0,512,'literatura obyczajowa romans'),(450,'Zanim się pojawiłeś','Jojo','Moyes','9788324047987','Znak Literanova',1,512,'literatura obyczajowa romans'),(451,'Kiedy odszedłeś','Jojo','Moyes','9788324035731','Znak Literanova',1,496,'literatura obyczajowa romans'),(452,'Moje serce w dwóch światach','Jojo','Moyes','9788324047888','Znak Literanova',1,512,'literatura obyczajowa romans'),(453,'Love, Rosie','Cecelia','Ahern','9788377587461','Akurat',1,512,'literatura obyczajowa romans'),(454,'Zanim się pojawiłeś','Jojo','Moyes','9788324047987','Znak Literanova',1,512,'literatura obyczajowa romans'),(455,'Kiedy odszedłeś','Jojo','Moyes','9788324035731','Znak Literanova',1,496,'literatura obyczajowa romans'),(456,'Moje serce w dwóch światach','Jojo','Moyes','9788324047888','Znak Literanova',0,512,'literatura obyczajowa romans'),(457,'Pamiętnik','Nicholas','Sparks','9788379855421','Albatros',1,256,'literatura obyczajowa romans'),(458,'We dwoje','Nicholas','Sparks','9788367513241','Albatros',1,544,'literatura obyczajowa romans'),(459,'Anioł stróż','Nicholas','Sparks','9788382158915','Albatros',1,464,'literatura obyczajowa romans'),(460,'Ostatnia piosenka','Nicholas','Sparks','9788382158960','Albatros',1,448,'literatura obyczajowa romans'),(461,'Dla Ciebie wszystko','Nicholas','Sparks','9788382157017','Albatros',1,368,'literatura obyczajowa romans'),(462,'Pamiętnik','Nicholas','Sparks','9788379855421','Albatros',1,256,'literatura obyczajowa romans'),(463,'We dwoje','Nicholas','Sparks','9788367513241','Albatros',1,544,'literatura obyczajowa romans'),(464,'Anioł stróż','Nicholas','Sparks','9788382158915','Albatros',1,464,'literatura obyczajowa romans'),(465,'Ostatnia piosenka','Nicholas','Sparks','9788382158960','Albatros',0,448,'literatura obyczajowa romans'),(466,'Dla Ciebie wszystko','Nicholas','Sparks','9788382157017','Albatros',1,368,'literatura obyczajowa romans');
/*!40000 ALTER TABLE `books` ENABLE KEYS */;
UNLOCK TABLES;

--
-- Table structure for table `checkout`
--

DROP TABLE IF EXISTS `checkout`;
/*!40101 SET @saved_cs_client     = @@character_set_client */;
/*!50503 SET character_set_client = utf8mb4 */;
CREATE TABLE `checkout` (
  `borrowID` int NOT NULL AUTO_INCREMENT,
  `borrow_date` date DEFAULT NULL,
  `accountID` int NOT NULL,
  `bookID` int NOT NULL,
  `workerID` int NOT NULL,
  `return_date` date DEFAULT NULL,
  PRIMARY KEY (`borrowID`),
  KEY `accountID` (`accountID`),
  KEY `bookID` (`bookID`),
  KEY `workerID` (`workerID`),
  CONSTRAINT `checkout_ibfk_1` FOREIGN KEY (`accountID`) REFERENCES `accounts` (`accountID`),
  CONSTRAINT `checkout_ibfk_2` FOREIGN KEY (`bookID`) REFERENCES `books` (`bookID`),
  CONSTRAINT `checkout_ibfk_3` FOREIGN KEY (`workerID`) REFERENCES `staff` (`staffID`)
) ENGINE=InnoDB AUTO_INCREMENT=405 DEFAULT CHARSET=utf8mb4 COLLATE=utf8mb4_0900_ai_ci;
/*!40101 SET character_set_client = @saved_cs_client */;

--
-- Dumping data for table `checkout`
--

LOCK TABLES `checkout` WRITE;
/*!40000 ALTER TABLE `checkout` DISABLE KEYS */;
INSERT INTO `checkout` VALUES (1,'2023-01-16',1,3,1,'2023-02-16'),(4,'2023-01-17',2,2,1,'2023-02-17'),(5,'2023-01-22',5,11,3,'2023-02-22'),(8,'2023-01-22',6,12,2,'2023-02-22'),(10,'2023-01-22',8,14,2,'2023-02-22'),(11,'2022-12-01',50,29,1,'2023-01-01'),(12,'2022-12-01',60,38,1,'2023-01-01'),(13,'2022-12-01',66,52,1,'2023-01-01'),(14,'2022-12-01',13,44,1,'2023-01-01'),(15,'2022-12-01',34,66,1,'2023-01-01'),(16,'2022-12-02',159,100,2,'2023-01-02'),(17,'2022-12-02',54,422,2,'2023-01-02'),(18,'2022-12-02',102,118,2,'2023-01-02'),(19,'2022-12-02',83,305,2,'2023-01-02'),(20,'2022-12-02',141,62,2,'2023-01-02'),(21,'2022-12-02',35,289,2,'2023-01-02'),(22,'2022-12-02',85,276,2,'2023-01-02'),(23,'2022-12-02',84,308,2,'2023-01-02'),(24,'2022-12-03',144,92,3,'2023-01-03'),(25,'2022-12-03',82,368,3,'2023-01-03'),(26,'2022-12-03',90,112,3,'2023-01-03'),(27,'2022-12-05',109,201,1,'2023-01-05'),(28,'2022-12-05',46,10,1,'2023-01-05'),(29,'2022-12-05',55,248,1,'2023-01-05'),(30,'2022-12-05',121,420,1,'2023-01-05'),(31,'2022-12-05',69,143,1,'2023-01-05'),(32,'2022-12-06',57,340,2,'2023-01-06'),(33,'2022-12-06',112,34,2,'2023-01-06'),(34,'2022-12-06',70,371,2,'2023-01-06'),(35,'2022-12-07',133,222,4,'2023-01-07'),(36,'2022-12-07',11,411,4,'2023-01-07'),(37,'2022-12-07',38,211,4,'2023-01-07'),(38,'2022-12-07',105,315,4,'2023-01-07'),(39,'2022-12-07',95,341,4,'2023-01-07'),(40,'2022-12-08',1,382,5,'2023-01-08'),(41,'2022-12-08',15,451,5,'2023-01-08'),(42,'2022-12-08',100,1,5,'2023-01-08'),(43,'2022-12-09',46,144,1,'2023-01-09'),(44,'2022-12-09',130,393,1,'2023-01-09'),(45,'2022-12-09',165,115,1,'2023-01-09'),(46,'2022-12-09',63,36,1,'2023-01-09'),(47,'2022-12-09',50,105,1,'2023-01-09'),(48,'2022-12-12',43,269,2,'2023-01-12'),(49,'2022-12-12',24,439,2,'2023-01-12'),(50,'2022-12-12',52,314,2,'2023-01-12'),(51,'2022-12-12',81,148,2,'2023-01-12'),(52,'2022-12-13',32,453,4,'2023-01-13'),(53,'2022-12-13',53,284,4,'2023-01-13'),(54,'2022-12-13',23,385,4,'2023-01-13'),(55,'2022-12-14',127,95,5,'2023-01-14'),(56,'2022-12-14',139,199,5,'2023-01-14'),(57,'2022-12-14',123,132,5,'2023-01-14'),(58,'2022-12-14',48,243,5,'2023-01-14'),(59,'2022-12-14',135,162,5,'2023-01-14'),(60,'2022-12-14',67,421,5,'2023-01-14'),(61,'2022-12-14',60,12,5,'2023-01-14'),(62,'2022-12-15',15,158,3,'2023-01-15'),(63,'2022-12-15',76,87,3,'2023-01-15'),(64,'2022-12-16',105,223,1,'2023-01-16'),(65,'2022-12-16',97,182,1,'2023-01-16'),(66,'2022-12-16',45,54,1,'2023-01-16'),(67,'2022-12-16',138,306,1,'2023-01-16'),(69,'2022-12-20',85,83,2,'2023-01-20'),(70,'2022-12-21',72,259,3,'2023-01-21'),(71,'2022-12-22',90,442,2,'2023-01-22'),(72,'2022-12-22',29,460,2,'2023-01-22'),(73,'2022-12-23',75,101,5,'2023-01-23'),(75,'2022-12-23',148,271,5,'2023-01-23'),(76,'2022-12-28',56,410,1,'2023-01-28'),(77,'2022-12-28',74,230,1,'2023-01-28'),(78,'2022-12-28',32,209,1,'2023-01-28'),(79,'2022-12-28',118,38,1,'2023-01-28'),(80,'2022-12-28',61,238,1,'2023-01-28'),(81,'2022-12-29',86,449,2,'2023-01-29'),(82,'2022-12-29',55,329,2,'2023-01-29'),(83,'2022-12-29',98,340,2,'2023-01-29'),(84,'2022-12-29',162,232,2,'2023-01-29'),(85,'2022-12-29',117,416,2,'2023-01-29'),(86,'2022-12-29',74,220,2,'2023-01-29'),(87,'2022-12-29',12,431,2,'2023-01-29'),(88,'2022-12-29',73,154,2,'2023-01-29'),(89,'2022-12-29',67,435,2,'2023-01-29'),(90,'2022-12-29',89,359,2,'2023-01-29'),(91,'2022-12-30',53,107,3,'2023-01-30'),(92,'2022-12-30',38,189,3,'2023-01-30'),(93,'2022-12-30',64,299,3,'2023-01-30'),(94,'2022-12-30',16,242,3,'2023-01-30'),(95,'2022-12-30',57,46,3,'2023-01-30'),(97,'2023-01-02',89,452,4,'2023-02-02'),(98,'2023-01-02',51,266,4,'2023-02-02'),(99,'2023-01-02',166,53,4,'2023-02-02'),(100,'2023-01-02',115,463,4,'2023-02-02'),(101,'2023-01-02',167,397,4,'2023-02-02'),(102,'2023-01-02',62,106,4,'2023-02-02'),(103,'2023-01-04',12,307,5,'2023-02-04'),(105,'2023-01-09',16,13,2,'2023-02-09'),(106,'2023-01-09',150,130,2,'2023-02-09'),(107,'2023-01-09',133,14,2,'2023-02-09'),(108,'2023-01-09',142,19,2,'2023-02-09'),(109,'2023-01-09',125,230,2,'2023-02-09'),(110,'2023-01-10',52,9,4,'2023-02-10'),(111,'2023-01-11',34,428,5,'2023-02-11'),(112,'2023-01-11',1,123,5,'2023-02-11'),(113,'2023-01-11',53,342,5,'2023-02-11'),(114,'2023-01-12',129,254,1,'2023-02-12'),(115,'2023-01-12',82,343,1,'2023-02-12'),(116,'2023-01-12',44,30,1,'2023-02-12'),(117,'2023-01-13',255,74,3,'2023-02-13'),(118,'2023-01-13',255,119,3,'2023-02-13'),(120,'2023-01-16',267,111,1,'2023-02-16'),(121,'2023-01-16',267,99,1,'2023-02-16'),(122,'2023-01-16',267,82,1,'2023-02-16'),(123,'2023-01-16',235,91,1,'2023-02-16'),(124,'2023-01-16',214,68,1,'2023-02-16'),(125,'2023-01-17',12,86,2,'2023-02-17'),(126,'2023-01-17',48,98,2,'2023-02-17'),(127,'2023-01-17',97,117,2,'2023-02-17'),(128,'2023-01-17',106,126,2,'2023-02-17'),(129,'2023-01-17',110,131,2,'2023-02-17'),(130,'2023-01-17',200,186,2,'2023-02-17'),(131,'2023-01-18',256,196,3,'2023-02-18'),(132,'2023-01-18',225,197,3,'2023-02-18'),(133,'2023-01-18',88,211,3,'2023-02-18'),(134,'2023-01-18',53,146,3,'2023-02-18'),(135,'2023-01-18',53,102,3,'2023-02-18'),(136,'2023-01-19',80,113,4,'2023-02-19'),(137,'2023-01-19',180,149,4,'2023-02-19'),(138,'2023-01-19',175,157,4,'2023-02-19'),(139,'2023-01-19',210,168,4,'2023-02-19'),(140,'2023-01-19',22,191,4,'2023-02-19'),(141,'2023-01-20',49,201,5,'2023-02-20'),(142,'2023-01-20',60,217,5,'2023-02-20'),(143,'2023-01-20',60,232,5,'2023-02-20'),(144,'2023-01-20',84,246,5,'2023-02-20'),(145,'2023-01-20',111,268,5,'2023-02-20'),(146,'2023-01-20',145,300,5,'2023-02-20'),(147,'2023-01-20',1,333,5,'2023-02-20'),(148,'2023-01-20',39,75,5,'2023-02-20'),(149,'2023-01-20',262,462,5,'2023-02-20'),(150,'2023-01-23',226,464,1,'2023-02-23'),(151,'2023-01-23',205,407,1,'2023-02-23'),(152,'2023-01-23',173,381,1,'2023-02-23'),(153,'2023-01-23',159,348,1,'2023-02-23'),(154,'2023-01-23',118,306,1,'2023-02-23'),(155,'2023-01-23',184,286,1,'2023-02-23'),(156,'2023-01-23',184,12,1,'2023-02-23'),(157,'2023-01-23',213,33,1,'2023-02-23'),(158,'2023-01-23',60,35,1,'2023-02-23'),(159,'2023-01-24',75,152,2,'2023-02-24'),(160,'2023-01-24',96,166,2,'2023-02-24'),(161,'2023-01-24',189,182,2,'2023-02-24'),(162,'2023-01-24',216,195,2,'2023-02-24'),(163,'2023-01-24',230,218,2,'2023-02-24'),(164,'2023-01-24',249,242,2,'2023-02-24'),(165,'2023-01-24',270,262,2,'2023-02-24'),(166,'2023-01-24',270,285,2,'2023-02-24'),(167,'2023-01-24',241,71,2,'2023-02-24'),(168,'2023-01-24',19,50,2,'2023-02-24'),(169,'2023-01-24',19,21,2,'2023-02-24'),(170,'2023-01-24',29,24,2,'2023-02-24'),(171,'2023-01-25',39,31,3,'2023-02-25'),(172,'2023-01-25',60,61,3,'2023-02-25'),(173,'2023-01-25',81,69,3,'2023-02-25'),(174,'2023-01-25',103,80,3,'2023-02-25'),(175,'2023-01-25',137,76,3,'2023-02-25'),(176,'2023-01-25',137,94,3,'2023-02-25'),(177,'2023-01-25',148,95,3,'2023-02-25'),(178,'2023-01-25',159,99,3,'2023-02-25'),(179,'2023-01-25',159,114,3,'2023-02-25'),(180,'2023-01-25',170,120,3,'2023-02-25'),(181,'2023-01-25',183,137,3,'2023-02-25'),(182,'2023-01-25',196,141,3,'2023-02-25'),(183,'2023-01-25',208,156,3,'2023-02-25'),(184,'2023-01-25',223,155,3,'2023-02-25'),(185,'2023-01-26',244,179,4,'2023-02-26'),(186,'2023-01-26',253,192,4,'2023-02-26'),(187,'2023-01-26',258,199,4,'2023-02-26'),(188,'2023-01-26',267,227,4,'2023-02-26'),(189,'2023-01-26',60,249,4,'2023-02-26'),(190,'2023-01-26',16,258,4,'2023-02-26'),(191,'2023-01-26',16,272,4,'2023-02-26'),(192,'2023-01-26',4,287,4,'2023-02-26'),(193,'2023-01-26',156,295,4,'2023-02-26'),(194,'2023-01-26',156,309,4,'2023-02-26'),(195,'2023-01-26',198,318,4,'2023-02-26'),(196,'2023-01-26',216,329,4,'2023-02-26'),(197,'2023-01-26',233,336,4,'2023-02-26'),(198,'2023-01-26',242,347,4,'2023-02-26'),(199,'2023-01-26',257,367,4,'2023-02-26'),(200,'2023-01-27',272,364,5,'2023-02-27'),(201,'2023-01-27',243,339,5,'2023-02-27'),(202,'2023-01-27',226,301,5,'2023-02-27'),(203,'2023-01-27',214,291,5,'2023-02-27'),(204,'2023-01-27',202,274,5,'2023-02-27'),(205,'2023-01-27',184,265,5,'2023-02-27'),(206,'2023-01-27',172,248,5,'2023-02-27'),(207,'2023-01-27',163,234,5,'2023-02-27'),(208,'2023-01-27',153,214,5,'2023-02-27'),(209,'2023-01-27',153,202,5,'2023-02-27'),(210,'2023-01-27',142,172,5,'2023-02-27'),(211,'2023-01-27',127,174,5,'2023-02-27'),(212,'2023-01-27',120,150,5,'2023-02-27'),(213,'2023-01-27',92,135,5,'2023-02-27'),(214,'2023-01-27',77,110,5,'2023-02-27'),(215,'2023-01-27',66,96,5,'2023-02-27'),(216,'2023-01-27',67,86,5,'2023-02-27'),(217,'2023-01-27',58,78,5,'2023-02-27'),(218,'2023-01-27',57,57,5,'2023-02-27'),(219,'2023-01-30',102,89,1,'2023-02-28'),(220,'2023-01-30',116,97,1,'2023-02-28'),(221,'2023-01-30',125,107,1,'2023-02-28'),(222,'2023-01-30',60,116,1,'2023-02-28'),(223,'2023-01-30',1,133,1,'2023-02-28'),(224,'2023-01-30',16,140,1,'2023-02-28'),(225,'2023-01-30',16,163,1,'2023-02-28'),(226,'2023-01-30',166,160,1,'2023-02-28'),(227,'2023-01-30',191,176,1,'2023-02-28'),(228,'2023-01-30',194,184,1,'2023-02-28'),(229,'2023-01-30',206,190,1,'2023-02-28'),(230,'2023-01-30',218,203,1,'2023-02-28'),(231,'2023-01-30',224,205,1,'2023-02-28'),(232,'2023-01-30',239,237,1,'2023-02-28'),(233,'2023-01-30',239,256,1,'2023-02-28'),(234,'2023-01-30',255,278,1,'2023-02-28'),(235,'2023-01-30',268,282,1,'2023-02-28'),(236,'2023-01-30',260,294,1,'2023-02-28'),(237,'2023-01-30',260,298,1,'2023-02-28'),(238,'2023-01-30',221,313,1,'2023-02-28'),(239,'2023-01-30',204,325,1,'2023-02-28'),(240,'2023-01-31',259,332,2,'2023-02-28'),(241,'2023-01-31',237,340,2,'2023-02-28'),(242,'2023-01-31',237,350,2,'2023-02-28'),(243,'2023-01-31',221,361,2,'2023-02-28'),(244,'2023-01-31',213,386,2,'2023-02-28'),(245,'2023-01-31',213,395,2,'2023-02-28'),(246,'2023-01-31',208,351,2,'2023-02-28'),(247,'2023-01-31',245,409,2,'2023-02-28'),(248,'2023-01-31',265,416,2,'2023-02-28'),(249,'2023-01-31',263,431,2,'2023-02-28'),(250,'2023-01-31',269,436,2,'2023-02-28'),(251,'2023-01-31',272,443,2,'2023-02-28'),(252,'2023-01-31',60,447,2,'2023-02-28'),(253,'2023-01-31',72,455,2,'2023-02-28'),(254,'2023-01-31',84,462,2,'2023-02-28'),(255,'2023-01-31',90,100,2,'2023-02-28'),(256,'2023-01-31',98,454,2,'2023-02-28'),(257,'2023-01-31',108,106,2,'2023-02-28'),(258,'2023-01-31',115,29,2,'2023-02-28'),(259,'2023-01-31',122,10,2,'2023-02-28'),(260,'2023-02-01',123,11,3,'2023-03-01'),(261,'2023-02-01',135,27,3,'2023-03-01'),(262,'2023-02-01',147,21,3,'2023-03-01'),(263,'2023-02-01',148,39,3,'2023-03-01'),(264,'2023-02-01',75,51,3,'2023-03-01'),(265,'2023-02-01',75,64,3,'2023-03-01'),(266,'2023-02-01',60,66,3,'2023-03-01'),(267,'2023-02-01',53,87,3,'2023-03-01'),(268,'2023-02-01',53,95,3,'2023-03-01'),(269,'2023-02-01',56,104,3,'2023-03-01'),(270,'2023-02-01',43,118,3,'2023-03-01'),(271,'2023-02-01',34,124,3,'2023-03-01'),(272,'2023-02-01',25,128,3,'2023-03-01'),(273,'2023-02-01',25,143,3,'2023-03-01'),(274,'2023-02-01',26,149,3,'2023-03-01'),(275,'2023-02-01',12,125,3,'2023-03-01'),(276,'2023-02-01',6,161,3,'2023-03-01'),(277,'2023-02-01',3,173,3,'2023-03-01'),(278,'2023-02-01',5,181,3,'2023-03-01'),(279,'2023-02-01',27,147,3,'2023-03-01'),(280,'2023-02-01',41,197,3,'2023-03-01'),(281,'2023-02-01',70,200,3,'2023-03-01'),(282,'2023-02-01',98,210,3,'2023-03-01'),(283,'2023-02-01',111,216,3,'2023-03-01'),(284,'2023-02-02',148,232,4,'2023-03-02'),(285,'2023-02-02',155,12,4,'2023-03-02'),(286,'2023-02-02',156,14,4,'2023-03-02'),(287,'2023-02-02',161,22,4,'2023-03-02'),(288,'2023-02-02',176,31,4,'2023-03-02'),(289,'2023-02-02',181,41,4,'2023-03-02'),(290,'2023-02-02',191,55,4,'2023-03-02'),(291,'2023-02-02',200,68,4,'2023-03-02'),(292,'2023-02-02',200,84,4,'2023-03-02'),(293,'2023-02-02',222,82,4,'2023-03-02'),(294,'2023-02-02',17,101,4,'2023-03-02'),(295,'2023-02-02',25,108,4,'2023-03-02'),(296,'2023-02-02',32,117,4,'2023-03-02'),(297,'2023-02-02',39,119,4,'2023-03-02'),(298,'2023-02-02',46,129,4,'2023-03-02'),(299,'2023-02-02',48,136,4,'2023-03-02'),(300,'2023-02-02',57,122,4,'2023-03-02'),(301,'2023-02-02',59,186,4,'2023-03-02'),(302,'2023-02-02',5,218,4,'2023-03-02'),(303,'2023-02-02',120,228,4,'2023-03-02'),(304,'2023-02-02',120,240,4,'2023-03-02'),(305,'2023-02-03',4,465,5,'2023-03-03'),(306,'2023-02-03',10,458,5,'2023-03-03'),(307,'2023-02-03',12,440,5,'2023-03-03'),(308,'2023-02-03',20,432,5,'2023-03-03'),(309,'2023-02-03',25,420,5,'2023-03-03'),(310,'2023-02-03',30,414,5,'2023-03-03'),(311,'2023-02-03',41,405,5,'2023-03-03'),(312,'2023-02-03',52,393,5,'2023-03-03'),(313,'2023-02-03',67,385,5,'2023-03-03'),(314,'2023-02-03',75,371,5,'2023-03-03'),(315,'2023-02-03',84,353,5,'2023-03-03'),(316,'2023-02-03',98,346,5,'2023-03-03'),(317,'2023-02-03',113,329,5,'2023-03-03'),(318,'2023-02-03',120,308,5,'2023-03-03'),(319,'2023-02-03',133,303,5,'2023-03-03'),(320,'2023-02-03',140,263,5,'2023-03-03'),(321,'2023-02-03',162,244,5,'2023-03-03'),(322,'2023-02-03',172,220,5,'2023-03-03'),(323,'2023-02-03',191,198,5,'2023-03-03'),(324,'2023-02-03',213,158,5,'2023-03-03'),(325,'2023-02-03',228,127,5,'2023-03-03'),(326,'2023-02-03',235,113,5,'2023-03-03'),(327,'2023-02-03',247,105,5,'2023-03-03'),(328,'2023-02-03',258,93,5,'2023-03-03'),(329,'2023-02-06',186,3,1,'2023-03-06'),(330,'2023-02-06',190,6,1,'2023-03-06'),(331,'2023-02-06',194,9,1,'2023-03-06'),(332,'2023-02-06',204,13,1,'2023-03-06'),(333,'2023-02-06',172,19,1,'2023-03-06'),(334,'2023-02-06',162,25,1,'2023-03-06'),(335,'2023-02-06',154,33,1,'2023-03-06'),(336,'2023-02-06',142,47,1,'2023-03-06'),(337,'2023-02-06',137,16,1,'2023-03-06'),(338,'2023-02-06',128,62,1,'2023-03-06'),(339,'2023-02-06',121,75,1,'2023-03-06'),(340,'2023-02-06',110,91,1,'2023-03-06'),(341,'2023-02-06',99,131,1,'2023-03-06'),(342,'2023-02-06',92,151,1,'2023-03-06'),(343,'2023-02-06',70,167,1,'2023-03-06'),(344,'2023-02-06',70,183,1,'2023-03-06'),(345,'2023-02-06',57,193,1,'2023-03-06'),(346,'2023-02-06',57,207,1,'2023-03-06'),(347,'2023-02-06',60,225,1,'2023-03-06'),(348,'2023-02-06',32,235,1,'2023-03-06'),(349,'2023-02-06',19,252,1,'2023-03-06'),(350,'2023-02-06',12,259,1,'2023-03-06'),(351,'2023-02-07',271,293,2,'2023-03-07'),(352,'2023-02-07',260,298,2,'2023-03-07'),(353,'2023-02-07',254,306,2,'2023-03-07'),(354,'2023-02-07',243,311,2,'2023-03-07'),(355,'2023-02-07',239,316,2,'2023-03-07'),(356,'2023-02-07',232,330,2,'2023-03-07'),(357,'2023-02-07',226,343,2,'2023-03-07'),(358,'2023-02-07',219,348,2,'2023-03-07'),(359,'2023-02-07',213,356,2,'2023-03-07'),(360,'2023-02-07',207,360,2,'2023-03-07'),(361,'2023-02-07',201,366,2,'2023-03-07'),(362,'2023-02-07',196,375,2,'2023-03-07'),(363,'2023-02-07',153,384,2,'2023-03-07'),(364,'2023-02-07',135,391,2,'2023-03-07'),(365,'2023-02-07',120,401,2,'2023-03-07'),(366,'2023-02-07',76,412,2,'2023-03-07'),(367,'2023-02-07',50,419,2,'2023-03-07'),(368,'2023-02-07',39,425,2,'2023-03-07'),(369,'2023-02-08',2,449,3,'2023-03-08'),(370,'2023-02-08',15,456,3,'2023-03-08'),(371,'2023-02-08',26,410,3,'2023-03-08'),(372,'2023-02-08',34,389,3,'2023-03-08'),(373,'2023-02-08',41,374,3,'2023-03-08'),(374,'2023-02-08',50,363,3,'2023-03-08'),(375,'2023-02-08',60,351,3,'2023-03-08'),(376,'2023-02-08',69,334,3,'2023-03-08'),(377,'2023-02-08',77,305,3,'2023-03-08'),(378,'2023-02-08',118,270,3,'2023-03-08'),(379,'2023-02-08',151,250,3,'2023-03-08'),(380,'2023-02-08',151,223,3,'2023-03-08'),(381,'2023-02-08',179,204,3,'2023-03-08'),(382,'2023-02-08',195,192,3,'2023-03-08'),(383,'2023-02-08',206,170,3,'2023-03-08'),(384,'2023-02-08',265,153,3,'2023-03-08'),(385,'2023-02-09',263,164,4,'2023-03-09'),(386,'2023-02-09',247,145,4,'2023-03-09'),(387,'2023-02-09',243,139,4,'2023-03-09'),(388,'2023-02-09',233,137,4,'2023-03-09'),(389,'2023-02-09',228,130,4,'2023-03-09'),(390,'2023-02-09',224,121,4,'2023-03-09'),(391,'2023-02-09',218,109,4,'2023-03-09'),(392,'2023-02-09',212,96,4,'2023-03-09'),(393,'2023-02-09',206,83,4,'2023-03-09'),(394,'2023-02-09',177,71,4,'2023-03-09'),(395,'2023-02-09',168,60,4,'2023-03-09'),(396,'2023-02-09',154,44,4,'2023-03-09'),(397,'2023-02-09',138,12,4,'2023-03-09'),(398,'2023-02-09',129,1,4,'2023-03-09'),(399,'2023-02-09',129,176,4,'2023-03-09'),(400,'2023-02-09',119,202,4,'2023-03-09'),(401,'2023-02-09',100,217,4,'2023-03-09'),(402,'2023-02-09',94,227,4,'2023-03-09'),(403,'2023-02-09',84,238,4,'2023-03-09'),(404,'2023-02-09',65,247,4,'2023-03-09');
/*!40000 ALTER TABLE `checkout` ENABLE KEYS */;
UNLOCK TABLES;
/*!50003 SET @saved_cs_client      = @@character_set_client */ ;
/*!50003 SET @saved_cs_results     = @@character_set_results */ ;
/*!50003 SET @saved_col_connection = @@collation_connection */ ;
/*!50003 SET character_set_client  = utf8mb4 */ ;
/*!50003 SET character_set_results = utf8mb4 */ ;
/*!50003 SET collation_connection  = utf8mb4_0900_ai_ci */ ;
/*!50003 SET @saved_sql_mode       = @@sql_mode */ ;
/*!50003 SET sql_mode              = 'STRICT_TRANS_TABLES,NO_ENGINE_SUBSTITUTION' */ ;
DELIMITER ;;
/*!50003 CREATE*/ /*!50017 DEFINER=`root`@`localhost`*/ /*!50003 TRIGGER `check_availability` AFTER INSERT ON `checkout` FOR EACH ROW BEGIN 
		IF NEW.bookID > 0
		THEN
			UPDATE books SET is_available = '0' WHERE books.bookID = NEW.bookID;
		END IF;
	END */;;
DELIMITER ;
/*!50003 SET sql_mode              = @saved_sql_mode */ ;
/*!50003 SET character_set_client  = @saved_cs_client */ ;
/*!50003 SET character_set_results = @saved_cs_results */ ;
/*!50003 SET collation_connection  = @saved_col_connection */ ;
/*!50003 SET @saved_cs_client      = @@character_set_client */ ;
/*!50003 SET @saved_cs_results     = @@character_set_results */ ;
/*!50003 SET @saved_col_connection = @@collation_connection */ ;
/*!50003 SET character_set_client  = utf8mb4 */ ;
/*!50003 SET character_set_results = utf8mb4 */ ;
/*!50003 SET collation_connection  = utf8mb4_0900_ai_ci */ ;
/*!50003 SET @saved_sql_mode       = @@sql_mode */ ;
/*!50003 SET sql_mode              = 'STRICT_TRANS_TABLES,NO_ENGINE_SUBSTITUTION' */ ;
DELIMITER ;;
/*!50003 CREATE*/ /*!50017 DEFINER=`root`@`localhost`*/ /*!50003 TRIGGER `borrowed_books_counter` AFTER INSERT ON `checkout` FOR EACH ROW BEGIN
		IF NEW.bookID > 0
		THEN
		UPDATE accounts SET no_borrowed_books = no_borrowed_books + 1 WHERE accounts.accountID = NEW.accountID;
		END IF;
	END */;;
DELIMITER ;
/*!50003 SET sql_mode              = @saved_sql_mode */ ;
/*!50003 SET character_set_client  = @saved_cs_client */ ;
/*!50003 SET character_set_results = @saved_cs_results */ ;
/*!50003 SET collation_connection  = @saved_col_connection */ ;

--
-- Table structure for table `staff`
--

DROP TABLE IF EXISTS `staff`;
/*!40101 SET @saved_cs_client     = @@character_set_client */;
/*!50503 SET character_set_client = utf8mb4 */;
CREATE TABLE `staff` (
  `staffID` int NOT NULL AUTO_INCREMENT,
  `staff_firstName` varchar(100) NOT NULL,
  `staff_lastName` varchar(100) NOT NULL,
  `email` varchar(100) NOT NULL,
  `password` varchar(100) NOT NULL,
  PRIMARY KEY (`staffID`)
) ENGINE=InnoDB AUTO_INCREMENT=6 DEFAULT CHARSET=utf8mb4 COLLATE=utf8mb4_0900_ai_ci;
/*!40101 SET character_set_client = @saved_cs_client */;

--
-- Dumping data for table `staff`
--

LOCK TABLES `staff` WRITE;
/*!40000 ALTER TABLE `staff` DISABLE KEYS */;
INSERT INTO `staff` VALUES (1,'Renata','Mazur','renata_mazur_liber@gmail.com','mazurek123'),(2,'Stanisław','Kowalski','stanislaw_kowalski_liber@gmail.com','tolkien102#'),(3,'Katarzyna','Walczak','katarzyna_walczak_liber@gmail.com','kaśka<3'),(4,'Dariusz','Podlaski','dariusz_podlaski_liber@gmail.com','trudnehasło123'),(5,'Alicja','Olejnik','alicja_olejnik_liber@gmail.com','4d*kds43*^D0pR');
/*!40000 ALTER TABLE `staff` ENABLE KEYS */;
UNLOCK TABLES;

--
-- Table structure for table `users`
--

DROP TABLE IF EXISTS `users`;
/*!40101 SET @saved_cs_client     = @@character_set_client */;
/*!50503 SET character_set_client = utf8mb4 */;
CREATE TABLE `users` (
  `userID` int NOT NULL AUTO_INCREMENT,
  `user_firstName` varchar(100) NOT NULL,
  `user_lastName` varchar(100) NOT NULL,
  `is_student` tinyint(1) NOT NULL DEFAULT '1',
  PRIMARY KEY (`userID`)
) ENGINE=InnoDB AUTO_INCREMENT=273 DEFAULT CHARSET=utf8mb4 COLLATE=utf8mb4_0900_ai_ci;
/*!40101 SET character_set_client = @saved_cs_client */;

--
-- Dumping data for table `users`
--

LOCK TABLES `users` WRITE;
/*!40000 ALTER TABLE `users` DISABLE KEYS */;
INSERT INTO `users` VALUES (1,'Martyna','Sobczak',1),(2,'Oskar','Kowalski',1),(3,'Aleksandra','Olejnik',1),(4,'Mateusz','Matczak',0),(5,'Cezary','Lis',0),(6,'Filip','Wasilewski',0),(7,'Alan','Tomaszewski',1),(8,'Lucyna','Kalinowska',0),(9,'Kinga','Szymańska',1),(10,'Lara','Wiśniewska',1),(11,'Konrad','Sikorska',0),(12,'Borys','Kowalczyk',1),(13,'Honorata','Kwiatkowska',1),(14,'Karolina','Nowak',1),(15,'Amadeusz','Górecki',0),(16,'Olaf','Kozłowski',1),(17,'Kordian','Marciniak',0),(18,'Norbert','Chmielweski',1),(19,'Kamil','Chmielewski',1),(20,'Hubert','Krupiński',0),(21,'Agata','Ziółko',0),(22,'Paulina','Głowacka',0),(23,'Sylwia','Michalak',1),(24,'Bruno','Ostrowski',0),(25,'Jan','Jankowski',1),(26,'Filip','Kaczmarczyk',1),(27,'Roman','Górski',1),(28,'Albert','Ostrowski',1),(29,'Agnieszka','Szewczyk',1),(30,'Anita','Walczak',0),(31,'Justyna','Lewandowska',0),(32,'Bartosz','Szulc',1),(33,'Artur','Baran',1),(34,'Borys','Stępień',0),(35,'Mikołaj','Kowalczyk',1),(36,'Weronika','Kucharska',1),(37,'Patrycja','Piotrowska',0),(38,'Marcelina','Zalewska',0),(39,'Alicja','Malinowska',1),(40,'Krzysztof','Krajewski',0),(41,'Olaf','Cieślak',0),(42,'Bartosz','Błaszczak',1),(43,'Andrzej','Makowski',0),(44,'Karolina','Szulc',1),(45,'Karolina','Krawczyk',1),(46,'Klaudia','Kozłowska',1),(47,'Krystyna','Jaworska',0),(48,'Marcin','Jakubowski',1),(49,'Alan','Andrzejewski',1),(50,'Zuzanna','Zielińska',1),(51,'Paulina','Czarnecka',0),(52,'Barbara','Kwiatkowska',0),(53,'Oliwia','Baran',1),(54,'Diana','Sikora',0),(55,'Kamil','Kowalski',0),(56,'Adam','Kalinowski',0),(57,'Artur','Sadowski',1),(58,'Konrad','Krawczyk',0),(59,'Edyta','Wiśniewska',0),(60,'Aleksandra','Wróbel',0),(61,'Agnieszka','Kołodziej',1),(62,'Olga','Pawlak',1),(63,'Magdalena','Gajewska',0),(64,'Paweł','Kowalski',1),(65,'Bartosz','Wasilewski',0),(66,'Pamela','Ostrowska',1),(67,'Franciszek','Malinowski',0),(68,'Borys','Krawczyk',1),(69,'Michał','Kubacki',1),(70,'Dawid','Kubiak',0),(71,'Kinga','Bielska',1),(72,'Marta','Jakubowska',0),(73,'Monika','Nowak',0),(74,'Izabela','Sadowska',1),(75,'Karol','Mazur',1),(76,'Dawid','Szymański',0),(77,'Bartłomiej','Jankowski',1),(78,'Jakub','Oliwski',1),(79,'Anna','Mróz',0),(80,'Zofia','Wojciechowska',1),(81,'Dagmara','Krupa',1),(82,'Dorota','Sobczak',0),(83,'Oksana','Wasiluk',0),(84,'Patrycja','Kowal',1),(85,'Izabela','Demska',1),(86,'Marcel','Marciniak',1),(87,'Oskar','Rojski',0),(88,'Cezary','Piotrowski',0),(89,'Natalia','Jaworska',1),(90,'Oliwia','Iwańczuk',1),(91,'Marta','Kowalska',0),(92,'Aleksandra','Wysocka',0),(93,'Igor','Szczepan',0),(94,'Robert','Urbański',1),(95,'Ignacy','Tomaszewski',1),(96,'Gniewomir','Woźny',0),(97,'Dominika','Witkowska',1),(98,'Aneta','Morska',0),(99,'Martyna','Lis',0),(100,'Angelika','Makowska',1),(101,'Leonardo','Zalewski',1),(102,'Joachim','Wójcik',0),(103,'Maciej','Zakrzewski',1),(104,'Oliwier','Janowski',1),(105,'Joanna','Laskowska',1),(106,'Oktawia','Szymczak',0),(107,'Denis','Szewczyk',1),(108,'Jakub','Zalewski',1),(109,'Jowita','Malinowska',0),(110,'Felicja','Piotrowska',0),(111,'Eliwra','Pawlak',1),(112,'Gabriel','Urban',0),(113,'Alex','Kowalewski',0),(114,'Cezary','Pietrzak',0),(115,'Krystyna','Kucharska',1),(116,'Amelia','Zawadzka',1),(117,'Kaja','Duda',1),(118,'Oliwia','Zakrzewska',1),(119,'Ernest','Lis',0),(120,'Ksawery','Makowski',1),(121,'Hubert','Lisewski',1),(122,'Jan','Rutkowski',1),(123,'Florian','Pietrzak',0),(124,'Agata','Laskowska',0),(125,'Agnieszka','Borowska',1),(126,'Kamila','Andrzejewska',0),(127,'Robert','Adamski',0),(128,'Damian','Gajewski',0),(129,'Kazimierz','Walski',1),(130,'Ewa','Przybylska',1),(131,'Maja','Majewska',1),(132,'Izabela','Solska',1),(133,'Marcelina','Ostrowska',0),(134,'Norbert','Nowak',1),(135,'Oskar','Kowalski',1),(136,'Marcin','Podolski',1),(137,'Zofia','Wasilewska',0),(138,'Maliwina','Szulc',1),(139,'Bruno','Wysocki',1),(140,'Natan','Michalak',0),(141,'Fryderyk','Bielski',0),(142,'Karol','Sadowski',0),(143,'Barbara','Jasna',1),(144,'Joanna','Lipska',1),(145,'Julianna','Szewczyk',1),(146,'Joanna','Sierp',1),(147,'Edyta','Szymczak',1),(148,'Edward','Krawczyk',1),(149,'Aleksander','Miron',0),(150,'Adrian','Sikorski',1),(151,'Remigiusz','Rutkowski',0),(152,'Maciej','Chmielewski',1),(153,'Nikola','Witkowska',1),(154,'Magdalena','Malska',0),(155,'Maria','Ziobro',1),(156,'Dagmara','Jaworska',0),(157,'Jakub','Kubiak',1),(158,'Kacper','Tomczyk',1),(159,'Ignacy','Prosty',0),(160,'Klaudiusz','Jankowski',0),(161,'Lucjan','Mazurek',1),(162,'Irena','Kowalska',0),(163,'Zuzanna','Marska',0),(164,'Arleta','Duda',1),(165,'Alicja','Sikorska',1),(166,'Weronika','Kowal',0),(167,'Piotr','Lisowski',0),(168,'Marek','Szymczak',0),(169,'Anotni','Maciejewski',1),(170,'Aleksy','Wasilewski',1),(171,'Dominika','Gajewska',1),(172,'Jowita','Wysoka',0),(173,'Alina','Ostrowska',1),(174,'Olimpia','Sikorska',0),(175,'Angelika','Bąk',0),(176,'Klementyna','Adamska',1),(177,'Izabela','Pietrzak',1),(178,'Amalia','Lewandowska',0),(179,'Magda','Stępień',1),(180,'Olimpia','Mazur',1),(181,'Emilia','Krupa',0),(182,'Roksana','Kwiatkowska',1),(183,'Katarzyna','Duda',0),(184,'Andrea','Pietrzak',1),(185,'Aneta','Kaźmierczak',0),(186,'Arleta','Ziółkowska',0),(187,'Edyta','Krajewska',0),(188,'Berenika','Ostrowska',1),(189,'Monika','Kucharska',1),(190,'Otylia','Chmielewska',0),(191,'Klaudia','Kołodziej',0),(192,'Antonina','Kucharska',1),(193,'Asia','Woźniak',1),(194,'Zofia','Chmielewska',1),(195,'Jowita','Czarnecka',0),(196,'Aisha','Ostrowska',0),(197,'Iga','Mazur',1),(198,'Aneta','Jakubowska',1),(199,'Monika','Zalewska',1),(200,'Kornelia','Kaźmierczak',1),(201,'Karolina','Andrzejewska',0),(202,'Helena','Wróblewska',1),(203,'Paulina','Kubiak',1),(204,'Żaneta','Malinowska',0),(205,'Danuta','Sawicka',0),(206,'Teresa','Baranowska',1),(207,'Matylda','Pawlak',1),(208,'Konstancja','Głowacka',0),(209,'Józefa','Wysocka',0),(210,'Pamela','Baranowska',0),(211,'Liliana','Urbańska',0),(212,'Zofia','Szczepańska',1),(213,'Pamela','Zielińska',0),(214,'Jolanta','Głowacka',0),(215,'Kornelia','Lis',1),(216,'Aniela','Szymańska',1),(217,'Marcelina','Mazur',1),(218,'Konstancja','Kamińska',0),(219,'Edyta','Adamska',0),(220,'Zofia','Czarnecka',1),(221,'Julita','Gajewska',1),(222,'Bogna','Górska',0),(223,'Albert','Kowalski',0),(224,'Leszek','Adamska',1),(225,'Mariusz','Kwiatkowski',1),(226,'Ksawery','Stępień',0),(227,'Henryk','Czerwiński',0),(228,'Ignacy','Kołodziej',1),(229,'Alexander','Wasilewska',1),(230,'Alexander','Sadowska',1),(231,'Czesław','Zakrzewska',1),(232,'Alek','Przybylski',0),(233,'Dawid','Kubiak',0),(234,'Aleks','Tomaszewski',0),(235,'Eryk','Kamiński',0),(236,'Mariusz','Woźniak',1),(237,'Aleks','Sobczak',0),(238,'Kazimierz','Włodarczyk',1),(239,'Eryk','Kwiatkowski',1),(240,'Gustaw','Kwiatkowski',0),(241,'Fabian','Czarnecki',1),(242,'Andrzej','Górecki',1),(243,'Eryk','Krawczyk',0),(244,'Aleks','Szewczyk',1),(245,'Cezary','Maciejewski',0),(246,'Robert','Adamska',0),(247,'Alojzy','Borkowski',1),(248,'Edward','Bąk',1),(249,'Jędrzej','Baran',0),(250,'Lucjan','Andrzejewski',1),(251,'Bartłomiej','Laskowska',1),(252,'Anastazy','Mróz',0),(253,'Miłosz','Pietrzak',0),(254,'Olgierd','Szulc',1),(255,'Bruno','Górski',0),(256,'Leszek','Baran',1),(257,'Gustaw','Krawczyk',1),(258,'Ksawery','Głowacka',1),(259,'Amir','Cieślak',0),(260,'Radosław','Dąbrowski',1),(261,'Alexander','Mróz',1),(262,'Marian','Kowalczyk',0),(263,'Alex','Jasiński',1),(264,'Jacek','Kwiatkowski',0),(265,'Gniewomir','Wojciechowski',0),(266,'Leszek','Wróblewski',1),(267,'Ludwik','Kaźmierczak',1),(268,'Przemysław','Woźniak',0),(269,'Alfred','Adamska',1),(270,'Fryderyk','Szymczak',1),(271,'Aleksy','Chmielewski',0),(272,'Adrian','Wiśniewski',1);
/*!40000 ALTER TABLE `users` ENABLE KEYS */;
UNLOCK TABLES;

--
-- Dumping routines for database 'school_library'
--
/*!40103 SET TIME_ZONE=@OLD_TIME_ZONE */;

/*!40101 SET SQL_MODE=@OLD_SQL_MODE */;
/*!40014 SET FOREIGN_KEY_CHECKS=@OLD_FOREIGN_KEY_CHECKS */;
/*!40014 SET UNIQUE_CHECKS=@OLD_UNIQUE_CHECKS */;
/*!40101 SET CHARACTER_SET_CLIENT=@OLD_CHARACTER_SET_CLIENT */;
/*!40101 SET CHARACTER_SET_RESULTS=@OLD_CHARACTER_SET_RESULTS */;
/*!40101 SET COLLATION_CONNECTION=@OLD_COLLATION_CONNECTION */;
/*!40111 SET SQL_NOTES=@OLD_SQL_NOTES */;

-- Dump completed on 2023-03-18 15:47:31
